L,A,Vbias,result
2,2,0.6,False
2,2,0.8,True
2,2,1.0,True
2,2,1.2,True
2,2,1.4,True
2,2,1.6,True
2,2,1.8,True
2,2,2.0,False
2,2,2.2,False
2,2,2.4,False
2,2,2.6,False
2,5,0.6,False
2,5,0.8,True
2,5,1.0,True
2,5,1.2,True
2,5,1.4,True
2,5,1.6,True
2,5,1.8,True
2,5,2.0,False
2,5,2.2,False
2,23,1.2,True
2,23,1.4,True
2,23,1.6,True
2,23,1.8,False
2,23,2.0,False
2,23,2.2,False
2,23,2.4,False
2,23,2.6,False
2,26,0.6,False
2,26,0.8,False
2,26,1.0,True
2,26,1.2,True
2,26,1.4,True
2,26,1.6,True
2,26,1.8,False
2,26,2.0,False
2,26,2.2,False
2,26,2.4,False
2,26,2.6,False
2,29,0.6,False
2,17,1.6,True
2,17,1.8,False
2,17,2.0,False
2,17,2.2,False
2,17,2.4,False
2,17,2.6,False
2,20,0.6,False
2,20,0.8,False
2,20,1.0,True
2,20,1.2,True
2,20,1.4,True
2,20,1.6,True
2,20,1.8,False
2,20,2.0,False
2,20,2.2,False
2,20,2.4,False
2,20,2.6,False
2,23,0.6,False
2,23,0.8,False
2,23,1.0,True
2,11,2.0,False
2,11,2.2,False
2,11,2.4,False
2,11,2.6,False
2,14,0.6,False
2,14,0.8,False
2,14,1.0,True
2,14,1.2,True
2,14,1.4,True
2,14,1.6,True
2,14,1.8,False
2,14,2.0,False
2,14,2.2,False
2,14,2.4,False
2,14,2.6,False
2,17,0.6,False
2,17,0.8,False
2,17,1.0,True
2,17,1.2,True
2,17,1.4,True
2,5,2.4,False
2,5,2.6,False
2,8,0.6,False
2,8,0.8,False
2,8,1.0,True
2,8,1.2,True
2,8,1.4,True
2,8,1.6,True
2,8,1.8,True
2,8,2.0,False
2,8,2.2,False
2,8,2.4,False
2,8,2.6,False
2,11,0.6,False
2,11,0.8,False
2,11,1.0,True
2,11,1.2,True
2,11,1.4,True
2,11,1.6,True
2,11,1.8,True
2,29,0.8,False
2,29,1.0,True
2,29,1.2,True
2,29,1.4,True
2,29,1.6,True
2,29,1.8,False
2,29,2.0,False
2,29,2.2,False
2,29,2.4,False
2,29,2.6,False
2,32,0.6,False
2,32,0.8,False
2,32,1.0,True
2,32,1.2,True
2,32,1.4,True
2,32,1.6,True
2,32,1.8,False
2,32,2.0,False
2,32,2.2,False
2,32,2.4,False
2,32,2.6,False
2,35,0.6,False
2,35,0.8,False
2,35,1.0,True
2,35,1.2,True
2,35,1.4,True
2,35,1.6,True
2,35,1.8,False
2,35,2.0,False
2,35,2.2,False
2,35,2.4,False
2,35,2.6,False
2,38,0.6,False
2,38,0.8,False
2,38,1.0,True
2,38,1.2,True
2,38,1.4,True
2,38,1.6,True
2,38,1.8,False
2,38,2.0,False
2,38,2.2,False
2,38,2.4,False
2,38,2.6,False
2,41,0.6,False
2,41,0.8,False
2,41,1.0,True
2,41,1.2,True
2,41,1.4,True
2,41,1.6,True
2,41,1.8,False
2,41,2.0,False
2,41,2.2,False
2,41,2.4,False
2,41,2.6,False
5,2,0.6,False
5,2,0.8,True
5,2,1.0,True
5,2,1.2,True
5,2,1.4,True
5,2,1.6,True
5,8,1.4,True
5,8,1.6,True
5,8,1.8,True
5,8,2.0,False
5,8,2.2,False
5,8,2.4,False
5,8,2.6,False
5,11,0.6,False
5,11,0.8,False
5,11,1.0,True
5,11,1.2,True
5,11,1.4,True
5,11,1.6,True
5,11,1.8,False
5,11,2.0,False
5,11,2.2,False
5,11,2.4,False
5,11,2.6,False
5,14,0.6,False
5,14,0.8,False
5,2,1.8,True
5,2,2.0,False
5,2,2.2,False
5,2,2.4,False
5,2,2.6,False
5,5,0.6,False
5,5,0.8,True
5,5,1.0,True
5,5,1.2,True
5,5,1.4,True
5,5,1.6,True
5,5,1.8,True
5,5,2.0,False
5,5,2.2,False
5,5,2.4,False
5,5,2.6,False
5,8,0.6,False
5,8,0.8,False
5,8,1.0,True
5,8,1.2,True
5,20,0.6,False
5,20,0.8,False
5,20,1.0,True
5,20,1.2,True
5,20,1.4,True
5,20,1.6,True
5,20,1.8,False
5,20,2.0,False
5,20,2.2,False
5,20,2.4,False
5,20,2.6,False
5,23,0.6,False
5,23,0.8,False
5,23,1.0,True
5,23,1.2,True
5,23,1.4,True
5,23,1.6,True
5,23,1.8,False
5,23,2.0,False
5,23,2.2,False
5,14,1.0,True
5,14,1.2,True
5,14,1.4,True
5,14,1.6,True
5,14,1.8,False
5,14,2.0,False
5,14,2.2,False
5,14,2.4,False
5,14,2.6,False
5,17,0.6,False
5,17,0.8,False
5,17,1.0,True
5,17,1.2,True
5,17,1.4,True
5,17,1.6,True
5,17,1.8,False
5,17,2.0,False
5,17,2.2,False
5,17,2.4,False
5,17,2.6,False
5,23,2.4,False
5,23,2.6,False
5,26,0.6,False
5,26,0.8,False
5,26,1.0,True
5,26,1.2,True
5,26,1.4,True
5,26,1.6,True
5,26,1.8,False
5,26,2.0,False
5,26,2.2,False
5,26,2.4,False
5,26,2.6,False
5,29,0.6,False
5,29,0.8,False
5,29,1.0,True
5,29,1.2,True
5,29,1.4,True
5,29,1.6,True
5,29,1.8,False
5,35,1.6,True
5,35,1.8,False
5,35,2.0,False
5,35,2.2,False
5,35,2.4,False
5,35,2.6,False
5,38,0.6,False
5,38,0.8,False
5,38,1.0,True
5,38,1.2,True
5,38,1.4,True
5,38,1.6,True
5,38,1.8,False
5,38,2.0,False
5,38,2.2,False
5,38,2.4,False
5,38,2.6,False
5,41,0.6,False
5,41,0.8,False
5,41,1.0,True
5,29,2.0,False
5,29,2.2,False
5,29,2.4,False
5,29,2.6,False
5,32,0.6,False
5,32,0.8,False
5,32,1.0,True
5,32,1.2,True
5,32,1.4,True
5,32,1.6,True
5,32,1.8,False
5,32,2.0,False
5,32,2.2,False
5,32,2.4,False
5,32,2.6,False
5,35,0.6,False
5,35,0.8,False
5,35,1.0,True
5,35,1.2,True
5,35,1.4,True
5,41,1.2,True
5,41,1.4,True
5,41,1.6,True
5,41,1.8,False
5,41,2.0,False
5,41,2.2,False
5,41,2.4,False
5,41,2.6,False
8,2,0.6,False
8,2,0.8,True
8,2,1.0,True
8,2,1.2,True
8,2,1.4,True
8,2,1.6,True
8,2,1.8,True
8,2,2.0,False
8,2,2.2,False
8,2,2.4,False
8,2,2.6,False
8,5,0.6,False
8,8,2.6,False
8,11,0.6,False
8,11,0.8,True
8,11,1.0,True
8,11,1.2,True
8,11,1.4,True
8,11,1.6,True
8,11,1.8,False
8,11,2.0,False
8,11,2.2,False
8,11,2.4,False
8,11,2.6,False
8,14,0.6,False
8,14,0.8,True
8,14,1.0,True
8,14,1.2,True
8,14,1.4,True
8,14,1.6,True
8,14,1.8,False
8,14,2.0,False
8,5,0.8,True
8,5,1.0,True
8,5,1.2,True
8,5,1.4,True
8,5,1.6,True
8,5,1.8,True
8,5,2.0,False
8,5,2.2,False
8,5,2.4,False
8,5,2.6,False
8,8,0.6,False
8,8,0.8,True
8,8,1.0,True
8,8,1.2,True
8,8,1.4,True
8,8,1.6,True
8,8,1.8,False
8,8,2.0,False
8,8,2.2,False
8,8,2.4,False
8,14,2.2,False
8,14,2.4,False
8,14,2.6,False
8,17,0.6,False
8,17,0.8,True
8,17,1.0,True
8,17,1.2,True
8,17,1.4,True
8,17,1.6,True
8,17,1.8,False
8,17,2.0,False
8,17,2.2,False
8,17,2.4,False
8,17,2.6,False
8,20,0.6,False
8,20,0.8,False
8,20,1.0,True
8,20,1.2,True
8,20,1.4,True
8,20,1.6,True
8,20,1.8,False
8,20,2.0,False
8,20,2.2,False
8,20,2.4,False
8,20,2.6,False
8,23,0.6,False
8,23,0.8,False
8,23,1.0,True
8,23,1.2,True
8,23,1.4,True
8,23,1.6,True
8,23,1.8,False
8,23,2.0,False
8,23,2.2,False
8,23,2.4,False
8,23,2.6,False
8,26,0.6,False
8,26,0.8,False
8,26,1.0,True
8,26,1.2,True
8,26,1.4,True
8,26,1.6,True
8,26,1.8,False
8,26,2.0,False
8,26,2.2,False
8,26,2.4,False
8,26,2.6,False
8,29,0.6,False
8,29,0.8,False
8,29,1.0,True
8,29,1.2,True
8,29,1.4,True
8,29,1.6,True
8,29,1.8,False
8,29,2.0,False
8,29,2.2,False
8,29,2.4,False
8,29,2.6,False
8,32,0.6,False
8,32,0.8,False
8,38,0.6,False
8,38,0.8,False
8,38,1.0,True
8,38,1.2,True
8,38,1.4,True
8,38,1.6,True
8,38,1.8,False
8,38,2.0,False
8,38,2.2,False
8,38,2.4,False
8,38,2.6,False
8,41,0.6,False
8,41,0.8,False
8,41,1.0,True
8,41,1.2,True
8,41,1.4,True
8,41,1.6,True
8,41,1.8,False
8,41,2.0,False
8,41,2.2,False
8,32,1.0,True
8,32,1.2,True
8,32,1.4,True
8,32,1.6,True
8,32,1.8,False
8,32,2.0,False
8,32,2.2,False
8,32,2.4,False
8,32,2.6,False
8,35,0.6,False
8,35,0.8,False
8,35,1.0,True
8,35,1.2,True
8,35,1.4,True
8,35,1.6,True
8,35,1.8,False
8,35,2.0,False
8,35,2.2,False
8,35,2.4,False
8,35,2.6,False
8,41,2.4,False
8,41,2.6,False
11,2,0.6,False
11,2,0.8,True
11,2,1.0,True
11,2,1.2,True
11,2,1.4,True
11,2,1.6,True
11,2,1.8,True
11,2,2.0,False
11,2,2.2,False
11,2,2.4,False
11,2,2.6,False
11,5,0.6,False
11,5,0.8,True
11,5,1.0,True
11,5,1.2,True
11,5,1.4,True
11,5,1.6,True
11,5,1.8,True
11,5,2.0,False
11,5,2.2,False
11,5,2.4,False
11,5,2.6,False
11,8,0.6,False
11,8,0.8,True
11,8,1.0,True
11,8,1.2,True
11,8,1.4,True
11,8,1.6,True
11,8,1.8,False
11,8,2.0,False
11,8,2.2,False
11,8,2.4,False
11,8,2.6,False
11,11,0.6,False
11,11,0.8,True
11,11,1.0,True
11,11,1.2,True
11,11,1.4,True
11,11,1.6,True
11,11,1.8,False
11,11,2.0,False
11,11,2.2,False
11,11,2.4,False
11,11,2.6,False
11,14,0.6,False
11,14,0.8,True
11,14,1.0,True
11,14,1.2,True
11,14,1.4,True
11,14,1.6,True
11,14,1.8,False
11,14,2.0,False
11,14,2.2,False
11,14,2.4,False
11,14,2.6,False
11,17,0.6,False
11,17,0.8,True
11,17,1.0,True
11,17,1.2,True
11,17,1.4,True
11,17,1.6,True
11,17,1.8,False
11,17,2.0,False
11,17,2.2,False
11,17,2.4,False
11,17,2.6,False
11,20,0.6,False
11,20,0.8,True
11,20,1.0,True
11,20,1.2,True
11,20,1.4,True
11,20,1.6,True
11,20,1.8,False
11,20,2.0,False
11,20,2.2,False
11,20,2.4,False
11,20,2.6,False
11,23,0.6,False
11,23,0.8,True
11,23,1.0,True
11,23,1.2,True
11,23,1.4,True
11,23,1.6,True
11,23,1.8,False
11,23,2.0,False
11,23,2.2,False
11,23,2.4,False
11,23,2.6,False
11,26,0.6,False
11,26,0.8,True
11,26,1.0,True
11,26,1.2,True
11,26,1.4,True
11,26,1.6,True
11,26,1.8,False
11,26,2.0,False
11,26,2.2,False
11,26,2.4,False
11,26,2.6,False
11,29,0.6,False
11,29,0.8,True
11,29,1.0,True
11,29,1.2,True
11,29,1.4,True
11,29,1.6,True
11,29,1.8,False
11,29,2.0,False
11,29,2.2,False
11,29,2.4,False
11,29,2.6,False
11,32,0.6,False
11,32,0.8,True
11,32,1.0,True
11,32,1.2,True
11,32,1.4,True
11,32,1.6,True
11,32,1.8,False
11,32,2.0,False
11,32,2.2,False
11,32,2.4,False
11,32,2.6,False
11,35,0.6,False
11,35,0.8,True
11,35,1.0,True
11,35,1.2,True
11,35,1.4,True
11,35,1.6,True
11,35,1.8,False
11,35,2.0,False
11,35,2.2,False
11,35,2.4,False
11,35,2.6,False
11,38,0.6,False
11,38,0.8,True
11,38,1.0,True
11,38,1.2,True
11,38,1.4,True
11,38,1.6,True
11,38,1.8,False
11,38,2.0,False
11,38,2.2,False
11,38,2.4,False
11,38,2.6,False
11,41,0.6,False
11,41,0.8,True
11,41,1.0,True
11,41,1.2,True
11,41,1.4,True
11,41,1.6,True
11,41,1.8,False
11,41,2.0,False
11,41,2.2,False
11,41,2.4,False
11,41,2.6,False
14,2,0.6,False
14,2,0.8,True
14,2,1.0,True
14,2,1.2,True
14,8,1.0,True
14,8,1.2,True
14,8,1.4,True
14,8,1.6,True
14,8,1.8,False
14,8,2.0,False
14,8,2.2,False
14,8,2.4,False
14,8,2.6,False
14,11,0.6,False
14,11,0.8,True
14,11,1.0,True
14,11,1.2,True
14,11,1.4,True
14,11,1.6,True
14,11,1.8,False
14,11,2.0,False
14,11,2.2,False
14,11,2.4,False
14,11,2.6,False
14,2,1.4,True
14,2,1.6,True
14,2,1.8,True
14,2,2.0,False
14,2,2.2,False
14,2,2.4,False
14,2,2.6,False
14,5,0.6,False
14,5,0.8,True
14,5,1.0,True
14,5,1.2,True
14,5,1.4,True
14,5,1.6,True
14,5,1.8,False
14,5,2.0,False
14,5,2.2,False
14,5,2.4,False
14,5,2.6,False
14,8,0.6,False
14,8,0.8,True
14,14,0.6,False
14,14,0.8,True
14,14,1.0,True
14,14,1.2,True
14,14,1.4,True
14,14,1.6,True
14,14,1.8,False
14,14,2.0,False
14,14,2.2,False
14,14,2.4,False
14,14,2.6,False
14,17,0.6,False
14,17,0.8,True
14,17,1.0,True
14,17,1.2,True
14,17,1.4,True
14,17,1.6,True
14,17,1.8,False
14,17,2.0,False
14,17,2.2,False
14,17,2.4,False
14,17,2.6,False
14,20,0.6,False
14,20,0.8,True
14,20,1.0,True
14,20,1.2,True
14,20,1.4,True
14,20,1.6,True
14,20,1.8,False
14,20,2.0,False
14,20,2.2,False
14,20,2.4,False
14,20,2.6,False
14,23,0.6,False
14,23,0.8,True
14,23,1.0,True
14,23,1.2,True
14,23,1.4,True
14,23,1.6,True
14,23,1.8,False
14,23,2.0,False
14,23,2.2,False
14,23,2.4,False
14,23,2.6,False
14,26,0.6,False
14,26,0.8,True
14,26,1.0,True
14,26,1.2,True
14,26,1.4,True
14,26,1.6,True
14,26,1.8,False
14,26,2.0,False
14,26,2.2,False
14,26,2.4,False
14,26,2.6,False
14,29,0.6,False
14,29,0.8,True
14,29,1.0,True
14,29,1.2,True
14,29,1.4,True
14,29,1.6,True
14,29,1.8,False
14,29,2.0,False
14,29,2.2,False
14,29,2.4,False
14,29,2.6,False
14,32,0.6,False
14,32,0.8,True
14,32,1.0,True
14,32,1.2,True
14,32,1.4,True
14,32,1.6,True
14,32,1.8,False
14,32,2.0,False
14,32,2.2,False
14,32,2.4,False
14,32,2.6,False
14,35,0.6,False
14,35,0.8,True
14,35,1.0,True
14,35,1.2,True
14,35,1.4,True
14,35,1.6,True
14,35,1.8,False
14,35,2.0,False
14,35,2.2,False
14,35,2.4,False
14,35,2.6,False
14,38,0.6,False
14,38,0.8,True
14,38,1.0,True
14,38,1.2,True
14,38,1.4,True
14,38,1.6,True
14,38,1.8,False
14,38,2.0,False
14,38,2.2,False
14,38,2.4,False
14,38,2.6,False
14,41,0.6,False
14,41,0.8,True
14,41,1.0,True
14,41,1.2,True
14,41,1.4,True
14,41,1.6,True
14,41,1.8,False
14,41,2.0,False
14,41,2.2,False
14,41,2.4,False
14,41,2.6,False
17,2,0.6,False
17,2,0.8,True
17,2,1.0,True
17,2,1.2,True
17,2,1.4,True
17,2,1.6,True
17,2,1.8,True
17,2,2.0,False
17,2,2.2,False
17,2,2.4,False
17,2,2.6,False
17,5,0.6,False
17,5,0.8,True
17,5,1.0,True
17,5,1.2,True
17,5,1.4,True
17,5,1.6,True
17,5,1.8,False
17,5,2.0,False
17,5,2.2,False
17,5,2.4,False
17,5,2.6,False
17,8,0.6,False
17,8,0.8,True
17,8,1.0,True
17,8,1.2,True
17,8,1.4,True
17,8,1.6,True
17,8,1.8,False
17,8,2.0,False
17,8,2.2,False
17,8,2.4,False
17,8,2.6,False
17,11,0.6,False
17,11,0.8,True
17,11,1.0,True
17,11,1.2,True
17,11,1.4,True
17,11,1.6,True
17,11,1.8,False
17,11,2.0,False
17,11,2.2,False
17,11,2.4,False
17,11,2.6,False
17,14,0.6,False
17,14,0.8,True
17,14,1.0,True
17,14,1.2,True
17,14,1.4,True
17,14,1.6,True
17,20,1.4,True
17,20,1.6,True
17,20,1.8,False
17,20,2.0,False
17,20,2.2,False
17,20,2.4,False
17,20,2.6,False
17,23,0.6,False
17,23,0.8,True
17,23,1.0,True
17,23,1.2,True
17,23,1.4,True
17,23,1.6,True
17,23,1.8,False
17,23,2.0,False
17,23,2.2,False
17,23,2.4,False
17,23,2.6,False
17,26,0.6,False
17,26,0.8,True
17,14,1.8,False
17,14,2.0,False
17,14,2.2,False
17,14,2.4,False
17,14,2.6,False
17,17,0.6,False
17,17,0.8,True
17,17,1.0,True
17,17,1.2,True
17,17,1.4,True
17,17,1.6,True
17,17,1.8,False
17,17,2.0,False
17,17,2.2,False
17,17,2.4,False
17,17,2.6,False
17,20,0.6,False
17,20,0.8,True
17,20,1.0,True
17,20,1.2,True
17,26,1.0,True
17,26,1.2,True
17,26,1.4,True
17,26,1.6,True
17,26,1.8,False
17,26,2.0,False
17,26,2.2,False
17,26,2.4,False
17,26,2.6,False
17,29,0.6,False
17,29,0.8,True
17,29,1.0,True
17,29,1.2,True
17,29,1.4,True
17,29,1.6,True
17,29,1.8,False
17,29,2.0,False
17,29,2.2,False
17,29,2.4,False
17,29,2.6,False
17,32,0.6,False
17,32,0.8,True
17,32,1.0,True
17,32,1.2,True
17,32,1.4,True
17,32,1.6,True
17,32,1.8,False
17,32,2.0,False
17,32,2.2,False
17,32,2.4,False
17,32,2.6,False
17,35,0.6,False
17,35,0.8,True
17,35,1.0,True
17,35,1.2,True
17,35,1.4,True
17,35,1.6,True
17,35,1.8,False
17,35,2.0,False
17,35,2.2,False
17,35,2.4,False
17,35,2.6,False
17,38,0.6,False
17,38,0.8,True
17,38,1.0,True
17,38,1.2,True
17,38,1.4,True
17,38,1.6,True
17,38,1.8,False
17,38,2.0,False
17,38,2.2,False
17,38,2.4,False
17,38,2.6,False
17,41,0.6,False
17,41,0.8,True
17,41,1.0,True
17,41,1.2,True
17,41,1.4,True
17,41,1.6,True
17,41,1.8,False
17,41,2.0,False
17,41,2.2,False
17,41,2.4,False
17,41,2.6,False
20,2,0.6,False
20,2,0.8,True
20,2,1.0,True
20,2,1.2,True
20,2,1.4,True
20,2,1.6,True
20,2,1.8,False
20,2,2.0,False
20,2,2.2,False
20,2,2.4,False
20,2,2.6,False
20,5,0.6,False
20,5,0.8,True
20,5,1.0,True
20,5,1.2,True
20,5,1.4,True
20,5,1.6,True
20,5,1.8,False
20,5,2.0,False
20,5,2.2,False
20,5,2.4,False
20,5,2.6,False
20,8,0.6,False
20,8,0.8,True
20,8,1.0,True
20,8,1.2,True
20,8,1.4,True
20,8,1.6,True
20,8,1.8,False
20,8,2.0,False
20,8,2.2,False
20,8,2.4,False
20,8,2.6,False
20,11,0.6,False
20,11,0.8,True
20,11,1.0,True
20,11,1.2,True
20,11,1.4,True
20,11,1.6,True
20,11,1.8,False
20,11,2.0,False
20,11,2.2,False
20,11,2.4,False
20,11,2.6,False
20,14,0.6,False
20,14,0.8,True
20,14,1.0,True
20,14,1.2,True
20,14,1.4,True
20,14,1.6,True
20,14,1.8,False
20,14,2.0,False
20,14,2.2,False
20,14,2.4,False
20,14,2.6,False
20,17,0.6,False
20,17,0.8,True
20,17,1.0,True
20,17,1.2,True
20,17,1.4,True
20,17,1.6,True
20,17,1.8,False
20,17,2.0,False
20,17,2.2,False
20,17,2.4,False
20,17,2.6,False
20,20,0.6,False
20,20,0.8,True
20,20,1.0,True
20,20,1.2,True
20,20,1.4,True
20,20,1.6,True
20,20,1.8,False
20,20,2.0,False
20,20,2.2,False
20,20,2.4,False
20,20,2.6,False
20,23,0.6,False
20,23,0.8,True
20,23,1.0,True
20,23,1.2,True
20,23,1.4,True
20,23,1.6,True
20,23,1.8,False
20,23,2.0,False
20,23,2.2,False
20,23,2.4,False
20,23,2.6,False
20,26,0.6,False
20,26,0.8,True
20,26,1.0,True
20,26,1.2,True
20,26,1.4,True
20,26,1.6,True
20,26,1.8,False
20,26,2.0,False
20,26,2.2,False
20,26,2.4,False
20,26,2.6,False
20,29,0.6,False
20,29,0.8,True
20,29,1.0,True
20,29,1.2,True
20,29,1.4,True
20,29,1.6,True
20,29,1.8,False
20,29,2.0,False
20,29,2.2,False
20,29,2.4,False
20,29,2.6,False
20,32,0.6,False
20,32,0.8,True
20,32,1.0,True
20,32,1.2,True
20,32,1.4,True
20,32,1.6,True
20,32,1.8,False
20,32,2.0,False
20,32,2.2,False
20,32,2.4,False
20,32,2.6,False
20,35,0.6,False
20,35,0.8,True
20,35,1.0,True
20,35,1.2,True
20,35,1.4,True
20,35,1.6,True
20,35,1.8,False
20,35,2.0,False
20,35,2.2,False
20,35,2.4,False
20,35,2.6,False
20,38,0.6,False
20,38,0.8,True
20,38,1.0,True
20,38,1.2,True
20,38,1.4,True
20,38,1.6,True
20,38,1.8,False
20,38,2.0,False
20,38,2.2,False
20,38,2.4,False
20,38,2.6,False
20,41,0.6,False
20,41,0.8,True
20,41,1.0,True
20,41,1.2,True
20,41,1.4,True
20,41,1.6,True
20,41,1.8,False
20,41,2.0,False
20,41,2.2,False
20,41,2.4,False
20,41,2.6,False
23,2,0.6,False
23,2,0.8,True
23,2,1.0,True
23,2,1.2,True
23,2,1.4,True
23,2,1.6,True
23,2,1.8,False
23,2,2.0,False
23,2,2.2,False
23,2,2.4,False
23,2,2.6,False
23,5,0.6,False
23,5,0.8,True
23,5,1.0,True
23,5,1.2,True
23,5,1.4,True
23,5,1.6,True
23,5,1.8,False
23,5,2.0,False
23,5,2.2,False
23,5,2.4,False
23,5,2.6,False
23,8,0.6,False
23,8,0.8,True
23,8,1.0,True
23,8,1.2,True
23,8,1.4,True
23,8,1.6,True
23,8,1.8,False
23,8,2.0,False
23,8,2.2,False
23,8,2.4,False
23,8,2.6,False
23,11,0.6,False
23,11,0.8,True
23,11,1.0,True
23,11,1.2,True
23,11,1.4,True
23,11,1.6,True
23,11,1.8,False
23,11,2.0,False
23,11,2.2,False
23,11,2.4,False
23,11,2.6,False
23,14,0.6,False
23,14,0.8,True
23,14,1.0,True
23,14,1.2,True
23,14,1.4,True
23,14,1.6,True
23,14,1.8,False
23,14,2.0,False
23,14,2.2,False
23,14,2.4,False
23,14,2.6,False
23,17,0.6,False
23,17,0.8,True
23,17,1.0,True
23,17,1.2,True
23,17,1.4,True
23,17,1.6,True
23,17,1.8,False
23,17,2.0,False
23,17,2.2,False
23,17,2.4,False
23,17,2.6,False
23,20,0.6,False
23,20,0.8,True
23,20,1.0,True
23,20,1.2,True
23,20,1.4,True
23,20,1.6,True
23,20,1.8,False
23,20,2.0,False
23,20,2.2,False
23,20,2.4,False
23,20,2.6,False
23,23,0.6,False
23,23,0.8,True
23,23,1.0,True
23,23,1.2,True
23,23,1.4,True
23,23,1.6,True
23,23,1.8,False
23,23,2.0,False
23,23,2.2,False
23,23,2.4,False
23,23,2.6,False
23,26,0.6,False
23,26,0.8,True
23,26,1.0,True
23,26,1.2,True
23,26,1.4,True
23,26,1.6,True
23,26,1.8,False
23,26,2.0,False
23,26,2.2,False
23,26,2.4,False
23,26,2.6,False
23,29,0.6,False
23,29,0.8,True
23,29,1.0,True
23,29,1.2,True
23,29,1.4,True
23,29,1.6,True
23,29,1.8,False
23,29,2.0,False
23,29,2.2,False
23,29,2.4,False
23,29,2.6,False
23,32,0.6,False
23,32,0.8,True
23,32,1.0,True
23,32,1.2,True
23,32,1.4,True
23,32,1.6,True
23,32,1.8,False
23,32,2.0,False
23,32,2.2,False
23,32,2.4,False
23,32,2.6,False
23,35,0.6,False
23,35,0.8,True
23,35,1.0,True
23,35,1.2,True
23,35,1.4,True
23,35,1.6,True
23,35,1.8,False
23,35,2.0,False
23,35,2.2,False
23,35,2.4,False
23,35,2.6,False
23,38,0.6,False
23,38,0.8,True
23,38,1.0,True
23,38,1.2,True
23,38,1.4,True
23,38,1.6,True
23,38,1.8,False
23,38,2.0,False
23,38,2.2,False
23,38,2.4,False
23,38,2.6,False
23,41,0.6,False
23,41,0.8,True
23,41,1.0,True
23,41,1.2,True
23,41,1.4,True
23,41,1.6,True
23,41,1.8,False
23,41,2.0,False
23,41,2.2,False
23,41,2.4,False
23,41,2.6,False
26,2,0.6,False
26,2,0.8,False
26,2,1.0,True
26,2,1.2,True
26,2,1.4,True
26,2,1.6,True
26,2,1.8,False
26,2,2.0,False
26,2,2.2,False
26,2,2.4,False
26,2,2.6,False
26,5,0.6,False
26,5,0.8,False
26,5,1.0,True
26,5,1.2,True
26,5,1.4,True
26,5,1.6,True
26,5,1.8,False
26,5,2.0,False
26,5,2.2,False
26,5,2.4,False
26,5,2.6,False
26,8,0.6,False
26,8,0.8,False
26,8,1.0,True
26,8,1.2,True
26,8,1.4,True
26,8,1.6,True
26,8,1.8,False
26,8,2.0,False
26,8,2.2,False
26,8,2.4,False
26,8,2.6,False
26,11,0.6,False
26,11,0.8,False
26,11,1.0,True
26,11,1.2,True
26,11,1.4,True
26,11,1.6,True
26,11,1.8,False
26,11,2.0,False
26,11,2.2,False
26,11,2.4,False
26,11,2.6,False
26,14,0.6,False
26,14,0.8,False
26,14,1.0,True
26,14,1.2,True
26,14,1.4,True
26,14,1.6,True
26,14,1.8,False
26,14,2.0,False
26,14,2.2,False
26,14,2.4,False
26,14,2.6,False
26,17,0.6,False
26,17,0.8,False
26,17,1.0,True
26,17,1.2,True
26,17,1.4,True
26,17,1.6,True
26,17,1.8,False
26,17,2.0,False
26,17,2.2,False
26,17,2.4,False
26,17,2.6,False
26,20,0.6,False
26,20,0.8,False
26,20,1.0,True
26,20,1.2,True
26,20,1.4,True
26,20,1.6,True
26,20,1.8,False
26,20,2.0,False
26,20,2.2,False
26,20,2.4,False
26,20,2.6,False
26,23,0.6,False
26,23,0.8,False
26,23,1.0,True
26,23,1.2,True
26,23,1.4,True
26,23,1.6,True
26,23,1.8,False
26,23,2.0,False
26,23,2.2,False
26,23,2.4,False
26,23,2.6,False
26,26,0.6,False
26,26,0.8,False
26,26,1.0,True
26,26,1.2,True
26,26,1.4,True
26,26,1.6,True
26,26,1.8,False
26,26,2.0,False
26,26,2.2,False
26,26,2.4,False
26,26,2.6,False
26,29,0.6,False
26,29,0.8,False
26,29,1.0,True
26,29,1.2,True
26,29,1.4,True
26,29,1.6,True
26,29,1.8,False
26,29,2.0,False
26,29,2.2,False
26,35,2.0,False
26,35,2.2,False
26,35,2.4,False
26,35,2.6,False
26,38,0.6,False
26,38,0.8,False
26,38,1.0,True
26,38,1.2,True
26,38,1.4,True
26,38,1.6,True
26,38,1.8,False
26,38,2.0,False
26,38,2.2,False
26,38,2.4,False
26,38,2.6,False
26,41,0.6,False
26,41,0.8,False
26,41,1.0,True
26,41,1.2,True
26,41,1.4,True
26,29,2.4,False
26,29,2.6,False
26,32,0.6,False
26,32,0.8,False
26,32,1.0,True
26,32,1.2,True
26,32,1.4,True
26,32,1.6,True
26,32,1.8,False
26,32,2.0,False
26,32,2.2,False
26,32,2.4,False
26,32,2.6,False
26,35,0.6,False
26,35,0.8,False
26,35,1.0,True
26,35,1.2,True
26,35,1.4,True
26,35,1.6,True
26,35,1.8,False
26,41,1.6,True
26,41,1.8,False
26,41,2.0,False
26,41,2.2,False
26,41,2.4,False
26,41,2.6,False
29,2,0.6,False
29,2,0.8,False
29,2,1.0,True
29,2,1.2,True
29,2,1.4,True
29,2,1.6,True
29,2,1.8,False
29,2,2.0,False
29,2,2.2,False
29,2,2.4,False
29,2,2.6,False
29,5,0.6,False
29,5,0.8,False
29,5,1.0,True
29,5,1.2,True
29,5,1.4,True
29,5,1.6,True
29,5,1.8,False
29,5,2.0,False
29,5,2.2,False
29,5,2.4,False
29,5,2.6,False
29,8,0.6,False
29,8,0.8,False
29,8,1.0,True
29,8,1.2,True
29,8,1.4,True
29,8,1.6,True
29,8,1.8,False
29,8,2.0,False
29,8,2.2,False
29,8,2.4,False
29,8,2.6,False
29,11,0.6,False
29,11,0.8,False
29,11,1.0,True
29,11,1.2,True
29,11,1.4,True
29,11,1.6,True
29,11,1.8,False
29,11,2.0,False
29,11,2.2,False
29,11,2.4,False
29,11,2.6,False
29,14,0.6,False
29,14,0.8,False
29,14,1.0,True
29,14,1.2,True
29,14,1.4,True
29,14,1.6,True
29,14,1.8,False
29,14,2.0,False
29,14,2.2,False
29,14,2.4,False
29,14,2.6,False
29,17,0.6,False
29,17,0.8,False
29,17,1.0,True
29,17,1.2,True
29,17,1.4,True
29,17,1.6,True
29,17,1.8,False
29,17,2.0,False
29,17,2.2,False
29,17,2.4,False
29,17,2.6,False
29,20,0.6,False
29,20,0.8,False
29,20,1.0,True
29,20,1.2,True
29,20,1.4,True
29,20,1.6,True
29,20,1.8,False
29,20,2.0,False
29,20,2.2,False
29,20,2.4,False
29,20,2.6,False
29,23,0.6,False
29,23,0.8,False
29,23,1.0,True
29,23,1.2,True
29,23,1.4,True
29,23,1.6,True
29,23,1.8,False
29,23,2.0,False
29,23,2.2,False
29,23,2.4,False
29,23,2.6,False
29,26,0.6,False
29,26,0.8,False
29,26,1.0,True
29,26,1.2,True
29,26,1.4,True
29,26,1.6,True
29,26,1.8,False
29,26,2.0,False
29,26,2.2,False
29,26,2.4,False
29,26,2.6,False
29,29,0.6,False
29,29,0.8,False
29,29,1.0,True
29,29,1.2,True
29,29,1.4,True
29,29,1.6,True
29,29,1.8,False
29,29,2.0,False
29,29,2.2,False
29,29,2.4,False
29,29,2.6,False
29,32,0.6,False
29,32,0.8,False
29,32,1.0,True
29,32,1.2,True
29,32,1.4,True
29,32,1.6,True
29,32,1.8,False
29,32,2.0,False
29,32,2.2,False
29,32,2.4,False
29,32,2.6,False
29,35,0.6,False
29,35,0.8,False
29,35,1.0,True
29,35,1.2,True
29,35,1.4,True
29,35,1.6,True
29,35,1.8,False
29,35,2.0,False
29,35,2.2,False
29,35,2.4,False
29,35,2.6,False
29,38,0.6,False
29,38,0.8,False
29,38,1.0,True
29,38,1.2,True
29,38,1.4,True
29,38,1.6,True
29,38,1.8,False
29,38,2.0,False
29,38,2.2,False
29,38,2.4,False
29,38,2.6,False
29,41,0.6,False
29,41,0.8,False
29,41,1.0,True
29,41,1.2,True
29,41,1.4,True
29,41,1.6,True
29,41,1.8,False
29,41,2.0,False
29,41,2.2,False
29,41,2.4,False
29,41,2.6,False
32,2,0.6,False
32,2,0.8,False
32,2,1.0,True
32,2,1.2,True
32,2,1.4,True
32,2,1.6,True
32,2,1.8,True
32,2,2.0,False
32,2,2.2,False
32,2,2.4,False
32,2,2.6,False
32,5,0.6,False
32,5,0.8,False
32,5,1.0,True
32,5,1.2,True
32,5,1.4,True
32,5,1.6,True
32,5,1.8,True
32,5,2.0,False
32,5,2.2,False
32,5,2.4,False
32,5,2.6,False
32,8,0.6,False
32,8,0.8,False
32,8,1.0,True
32,8,1.2,True
32,8,1.4,True
32,8,1.6,True
32,8,1.8,True
32,8,2.0,False
32,8,2.2,False
32,8,2.4,False
32,8,2.6,False
32,11,0.6,False
32,11,0.8,False
32,11,1.0,True
32,11,1.2,True
32,11,1.4,True
32,11,1.6,True
32,11,1.8,True
32,11,2.0,False
32,11,2.2,False
32,11,2.4,False
32,11,2.6,False
32,14,0.6,False
32,14,0.8,False
32,14,1.0,True
32,14,1.2,True
32,14,1.4,True
32,14,1.6,True
32,14,1.8,True
32,14,2.0,False
32,14,2.2,False
32,14,2.4,False
32,14,2.6,False
32,17,0.6,False
32,17,0.8,False
32,17,1.0,True
32,17,1.2,True
32,17,1.4,True
32,17,1.6,True
32,17,1.8,True
32,17,2.0,False
32,17,2.2,False
32,17,2.4,False
32,17,2.6,False
32,20,0.6,False
32,20,0.8,False
32,20,1.0,True
32,20,1.2,True
32,20,1.4,True
32,20,1.6,True
32,20,1.8,True
32,20,2.0,False
32,20,2.2,False
32,20,2.4,False
32,20,2.6,False
32,23,0.6,False
32,23,0.8,False
32,23,1.0,True
32,23,1.2,True
32,23,1.4,True
32,23,1.6,True
32,23,1.8,True
32,23,2.0,False
32,23,2.2,False
32,23,2.4,False
32,23,2.6,False
32,26,0.6,False
32,26,0.8,False
32,26,1.0,True
32,26,1.2,True
32,26,1.4,True
32,26,1.6,True
32,26,1.8,True
32,26,2.0,False
32,26,2.2,False
32,26,2.4,False
32,26,2.6,False
32,29,0.6,False
32,29,0.8,False
32,29,1.0,True
32,29,1.2,True
32,29,1.4,True
32,29,1.6,True
32,29,1.8,True
32,29,2.0,False
32,29,2.2,False
32,29,2.4,False
32,29,2.6,False
32,32,0.6,False
32,32,0.8,False
32,32,1.0,True
32,32,1.2,True
32,32,1.4,True
32,32,1.6,True
32,32,1.8,True
32,32,2.0,False
32,32,2.2,False
32,32,2.4,False
32,32,2.6,False
32,35,0.6,False
32,35,0.8,False
32,35,1.0,True
32,35,1.2,True
32,35,1.4,True
32,35,1.6,True
32,35,1.8,True
32,35,2.0,False
32,35,2.2,False
32,35,2.4,False
32,35,2.6,False
32,38,0.6,False
32,38,0.8,False
32,38,1.0,True
32,38,1.2,True
32,38,1.4,True
32,38,1.6,True
32,38,1.8,True
32,38,2.0,False
32,38,2.2,False
32,38,2.4,False
32,38,2.6,False
32,41,0.6,False
32,41,0.8,False
32,41,1.0,True
32,41,1.2,True
32,41,1.4,True
32,41,1.6,True
32,41,1.8,True
32,41,2.0,False
32,41,2.2,False
32,41,2.4,False
32,41,2.6,False
35,2,0.6,False
35,2,0.8,False
35,2,1.0,True
35,2,1.2,True
35,2,1.4,True
35,2,1.6,True
35,2,1.8,True
35,2,2.0,False
35,2,2.2,False
35,2,2.4,False
35,2,2.6,False
35,5,0.6,False
35,5,0.8,False
35,5,1.0,True
35,5,1.2,True
35,5,1.4,True
35,5,1.6,True
35,5,1.8,True
35,5,2.0,False
35,5,2.2,False
35,5,2.4,False
35,5,2.6,False
35,8,0.6,False
35,8,0.8,False
35,8,1.0,True
35,8,1.2,True
35,8,1.4,True
35,8,1.6,True
35,8,1.8,True
35,8,2.0,False
35,8,2.2,False
35,8,2.4,False
35,8,2.6,False
35,11,0.6,False
35,11,0.8,False
35,11,1.0,True
35,11,1.2,True
35,11,1.4,True
35,11,1.6,True
35,11,1.8,True
35,11,2.0,False
35,11,2.2,False
35,11,2.4,False
35,11,2.6,False
35,14,0.6,False
35,14,0.8,False
35,14,1.0,True
35,14,1.2,True
35,14,1.4,True
35,14,1.6,True
35,14,1.8,True
35,14,2.0,False
35,14,2.2,False
35,14,2.4,False
35,14,2.6,False
35,17,0.6,False
35,17,0.8,False
35,17,1.0,True
35,17,1.2,True
35,17,1.4,True
35,17,1.6,True
35,17,1.8,True
35,17,2.0,False
35,17,2.2,False
35,17,2.4,False
35,17,2.6,False
35,20,0.6,False
35,20,0.8,False
35,20,1.0,True
35,20,1.2,True
35,20,1.4,True
35,20,1.6,True
35,20,1.8,True
35,20,2.0,False
35,20,2.2,False
35,20,2.4,False
35,20,2.6,False
35,23,0.6,False
35,23,0.8,False
35,23,1.0,True
35,23,1.2,True
35,23,1.4,True
35,23,1.6,True
35,23,1.8,True
35,23,2.0,False
35,23,2.2,False
35,23,2.4,False
35,23,2.6,False
35,26,0.6,False
35,26,0.8,False
35,26,1.0,True
35,26,1.2,True
35,26,1.4,True
35,26,1.6,True
35,26,1.8,True
35,26,2.0,False
35,26,2.2,False
35,26,2.4,False
35,26,2.6,False
35,29,0.6,False
35,29,0.8,False
35,29,1.0,True
35,29,1.2,True
35,29,1.4,True
35,29,1.6,True
35,29,1.8,True
35,29,2.0,False
35,29,2.2,False
35,29,2.4,False
35,29,2.6,False
35,32,0.6,False
35,32,0.8,False
35,32,1.0,True
35,32,1.2,True
35,32,1.4,True
35,32,1.6,True
35,32,1.8,True
35,32,2.0,False
35,32,2.2,False
35,32,2.4,False
35,32,2.6,False
35,35,0.6,False
35,35,0.8,False
35,35,1.0,True
35,35,1.2,True
35,35,1.4,True
35,35,1.6,True
35,35,1.8,True
35,35,2.0,False
35,35,2.2,False
35,35,2.4,False
35,35,2.6,False
35,38,0.6,False
35,38,0.8,False
35,38,1.0,True
35,38,1.2,True
35,38,1.4,True
35,38,1.6,True
35,38,1.8,True
35,38,2.0,False
35,38,2.2,False
35,38,2.4,False
35,38,2.6,False
35,41,0.6,False
35,41,0.8,False
35,41,1.0,True
38,5,0.8,False
38,5,1.0,False
38,5,1.2,True
38,5,1.4,True
38,5,1.6,True
38,5,1.8,True
38,5,2.0,False
38,5,2.2,False
38,5,2.4,False
38,5,2.6,False
38,8,0.6,False
38,8,0.8,False
38,8,1.0,False
38,8,1.2,True
38,8,1.4,True
38,8,1.6,True
38,8,1.8,True
38,8,2.0,False
38,8,2.2,False
38,8,2.4,False
35,41,1.2,True
35,41,1.4,True
35,41,1.6,True
35,41,1.8,True
35,41,2.0,False
35,41,2.2,False
35,41,2.4,False
35,41,2.6,False
38,2,0.6,False
38,2,0.8,False
38,2,1.0,True
38,2,1.2,True
38,2,1.4,True
38,2,1.6,True
38,2,1.8,True
38,2,2.0,False
38,2,2.2,False
38,2,2.4,False
38,2,2.6,False
38,5,0.6,False
38,8,2.6,False
38,11,0.6,False
38,11,0.8,False
38,11,1.0,False
38,11,1.2,True
38,11,1.4,True
38,11,1.6,True
38,11,1.8,True
38,11,2.0,False
38,11,2.2,False
38,11,2.4,False
38,11,2.6,False
38,14,0.6,False
38,14,0.8,False
38,14,1.0,False
38,14,1.2,True
38,14,1.4,True
38,14,1.6,True
38,14,1.8,True
38,14,2.0,False
38,20,1.8,True
38,20,2.0,False
38,20,2.2,False
38,20,2.4,False
38,20,2.6,False
38,23,0.6,False
38,23,0.8,False
38,23,1.0,False
38,23,1.2,True
38,23,1.4,True
38,23,1.6,True
38,23,1.8,True
38,23,2.0,False
38,23,2.2,False
38,23,2.4,False
38,23,2.6,False
38,26,0.6,False
38,26,0.8,False
38,26,1.0,False
38,26,1.2,True
38,14,2.2,False
38,14,2.4,False
38,14,2.6,False
38,17,0.6,False
38,17,0.8,False
38,17,1.0,False
38,17,1.2,True
38,17,1.4,True
38,17,1.6,True
38,17,1.8,True
38,17,2.0,False
38,17,2.2,False
38,17,2.4,False
38,17,2.6,False
38,20,0.6,False
38,20,0.8,False
38,20,1.0,False
38,20,1.2,True
38,20,1.4,True
38,20,1.6,True
38,26,1.4,True
38,26,1.6,True
38,26,1.8,True
38,26,2.0,False
38,26,2.2,False
38,26,2.4,False
38,26,2.6,False
38,29,0.6,False
38,29,0.8,False
38,29,1.0,False
38,29,1.2,True
38,29,1.4,True
38,29,1.6,True
38,29,1.8,True
38,29,2.0,False
38,29,2.2,False
38,29,2.4,False
38,29,2.6,False
38,32,0.6,False
38,32,0.8,False
38,32,1.0,False
38,32,1.2,True
38,32,1.4,True
38,32,1.6,True
38,32,1.8,True
38,32,2.0,False
38,32,2.2,False
38,32,2.4,False
38,32,2.6,False
38,35,0.6,False
38,35,0.8,False
38,35,1.0,False
38,35,1.2,True
38,35,1.4,True
38,35,1.6,True
38,35,1.8,True
38,35,2.0,False
38,35,2.2,False
38,35,2.4,False
38,35,2.6,False
38,38,0.6,False
38,38,0.8,False
38,38,1.0,False
38,38,1.2,True
38,38,1.4,True
38,38,1.6,True
38,38,1.8,True
38,38,2.0,False
38,38,2.2,False
38,38,2.4,False
38,38,2.6,False
38,41,0.6,False
38,41,0.8,False
38,41,1.0,False
38,41,1.2,True
38,41,1.4,True
38,41,1.6,True
38,41,1.8,True
38,41,2.0,False
38,41,2.2,False
38,41,2.4,False
38,41,2.6,False
41,2,0.6,False
41,2,0.8,False
41,2,1.0,False
41,2,1.2,False
41,2,1.4,True
41,2,1.6,True
41,2,1.8,True
41,2,2.0,False
41,2,2.2,False
41,2,2.4,False
41,2,2.6,False
41,5,0.6,False
41,5,0.8,False
41,5,1.0,False
41,5,1.2,False
41,5,1.4,True
41,5,1.6,True
41,5,1.8,True
41,5,2.0,False
41,5,2.2,False
41,5,2.4,False
41,5,2.6,False
41,8,0.6,False
41,8,0.8,False
41,8,1.0,False
41,8,1.2,False
41,8,1.4,True
41,8,1.6,True
41,8,1.8,True
41,8,2.0,False
41,8,2.2,False
41,8,2.4,False
41,8,2.6,False
41,11,0.6,False
41,11,0.8,False
41,11,1.0,False
41,11,1.2,False
41,11,1.4,True
41,11,1.6,True
41,11,1.8,True
41,11,2.0,False
41,11,2.2,False
41,11,2.4,False
41,11,2.6,False
41,14,0.6,False
41,14,0.8,False
41,14,1.0,False
41,14,1.2,False
41,14,1.4,True
41,14,1.6,True
41,14,1.8,True
41,14,2.0,False
41,14,2.2,False
41,14,2.4,False
41,14,2.6,False
41,17,0.6,False
41,17,0.8,False
41,17,1.0,False
41,17,1.2,False
41,17,1.4,True
41,17,1.6,True
41,17,1.8,True
41,17,2.0,False
41,17,2.2,False
41,17,2.4,False
41,17,2.6,False
41,20,0.6,False
41,20,0.8,False
41,20,1.0,False
41,20,1.2,False
41,20,1.4,True
41,20,1.6,True
41,20,1.8,True
41,20,2.0,False
41,20,2.2,False
41,20,2.4,False
41,20,2.6,False
41,23,0.6,False
41,23,0.8,False
41,23,1.0,False
41,23,1.2,False
41,23,1.4,True
41,23,1.6,True
41,23,1.8,True
41,23,2.0,False
41,23,2.2,False
41,23,2.4,False
41,23,2.6,False
41,26,0.6,False
41,26,0.8,False
41,26,1.0,False
41,26,1.2,False
41,26,1.4,True
41,26,1.6,True
41,26,1.8,True
41,26,2.0,False
41,26,2.2,False
41,26,2.4,False
41,26,2.6,False
41,29,0.6,False
41,29,0.8,False
41,29,1.0,False
41,29,1.2,False
41,29,1.4,True
41,29,1.6,True
41,29,1.8,True
41,29,2.0,False
41,29,2.2,False
41,29,2.4,False
41,29,2.6,False
41,32,0.6,False
41,32,0.8,False
41,32,1.0,False
41,32,1.2,False
41,32,1.4,True
41,32,1.6,True
41,32,1.8,True
41,32,2.0,False
41,38,1.8,True
41,38,2.0,False
41,38,2.2,False
41,38,2.4,False
41,38,2.6,False
41,41,0.6,False
41,41,0.8,False
41,41,1.0,False
41,41,1.2,False
41,41,1.4,True
41,41,1.6,True
41,41,1.8,True
41,41,2.0,False
41,41,2.2,False
41,41,2.4,False
41,41,2.6,False
41,32,2.2,False
41,32,2.4,False
41,32,2.6,False
41,35,0.6,False
41,35,0.8,False
41,35,1.0,False
41,35,1.2,False
41,35,1.4,True
41,35,1.6,True
41,35,1.8,True
41,35,2.0,False
41,35,2.2,False
41,35,2.4,False
41,35,2.6,False
41,38,0.6,False
41,38,0.8,False
41,38,1.0,False
41,38,1.2,False
41,38,1.4,True
41,38,1.6,True
