"('L', 'A')",count,Vbias
"(20, 19)",1.0,[1.8]
"(12, 27)",1.0,[1.8]
"(9, 30)",1.0,[1.8]
"(14, 25)",1.0,[1.8]
"(18, 21)",1.0,[1.8]
"(10, 29)",1.0,[1.8]
"(15, 24)",1.0,[1.8]
"(16, 23)",1.0,[1.8]
"(13, 26)",1.0,[1.8]
"(17, 22)",1.0,[1.8]
"(11, 28)",1.0,[1.8]
"(19, 20)",1.0,[1.8]
"(8, 29)",2.0,"[1.7, 1.8]"
"(13, 25)",2.0,"[1.7, 1.8]"
"(18, 20)",2.0,"[1.7, 1.8]"
"(9, 28)",2.0,"[1.7, 1.8]"
"(9, 29)",2.0,"[1.7, 1.8]"
"(14, 23)",2.0,"[1.7, 1.8]"
"(14, 24)",2.0,"[1.7, 1.8]"
"(7, 30)",2.0,"[1.7, 1.8]"
"(15, 22)",2.0,"[1.7, 1.8]"
"(15, 23)",2.0,"[1.7, 1.8]"
"(16, 21)",2.0,"[1.7, 1.8]"
"(17, 21)",2.0,"[1.7, 1.8]"
"(17, 20)",2.0,"[1.7, 1.8]"
"(16, 22)",2.0,"[1.7, 1.8]"
"(18, 19)",2.0,"[1.7, 1.8]"
"(13, 24)",2.0,"[1.7, 1.8]"
"(8, 30)",2.0,"[1.7, 1.8]"
"(10, 28)",2.0,"[1.7, 1.8]"
"(20, 17)",2.0,"[1.7, 1.8]"
"(20, 18)",2.0,"[1.7, 1.8]"
"(11, 27)",2.0,"[1.7, 1.8]"
"(12, 25)",2.0,"[1.7, 1.8]"
"(10, 27)",2.0,"[1.7, 1.8]"
"(12, 26)",2.0,"[1.7, 1.8]"
"(11, 26)",2.0,"[1.7, 1.8]"
"(19, 18)",2.0,"[1.7, 1.8]"
"(19, 19)",2.0,"[1.7, 1.8]"
"(11, 25)",3.0,"[1.6, 1.7, 1.8]"
"(15, 21)",3.0,"[1.6, 1.7, 1.8]"
"(7, 29)",3.0,"[1.6, 1.7, 1.8]"
"(13, 23)",3.0,"[1.6, 1.7, 1.8]"
"(14, 22)",3.0,"[1.6, 1.7, 1.8]"
"(18, 18)",3.0,"[1.6, 1.7, 1.8]"
"(6, 30)",3.0,"[1.6, 1.7, 1.8]"
"(12, 24)",3.0,"[1.6, 1.7, 1.8]"
"(8, 28)",3.0,"[1.6, 1.7, 1.8]"
"(19, 17)",3.0,"[1.6, 1.7, 1.8]"
"(10, 26)",3.0,"[1.6, 1.7, 1.8]"
"(20, 16)",3.0,"[1.6, 1.7, 1.8]"
"(9, 27)",3.0,"[1.6, 1.7, 1.8]"
"(17, 19)",3.0,"[1.6, 1.7, 1.8]"
"(16, 20)",3.0,"[1.6, 1.7, 1.8]"
"(16, 19)",4.0,"[1.5, 1.6, 1.7, 1.8]"
"(5, 29)",4.0,"[1.5, 1.6, 1.7, 1.8]"
"(5, 30)",4.0,"[1.5, 1.6, 1.7, 1.8]"
"(12, 23)",4.0,"[1.5, 1.6, 1.7, 1.8]"
"(12, 22)",4.0,"[1.5, 1.6, 1.7, 1.8]"
"(16, 18)",4.0,"[1.5, 1.6, 1.7, 1.8]"
"(6, 28)",4.0,"[1.5, 1.6, 1.7, 1.8]"
"(13, 22)",4.0,"[1.5, 1.6, 1.7, 1.8]"
"(11, 24)",4.0,"[1.5, 1.6, 1.7, 1.8]"
"(15, 19)",4.0,"[1.5, 1.6, 1.7, 1.8]"
"(7, 27)",4.0,"[1.5, 1.6, 1.7, 1.8]"
"(7, 28)",4.0,"[1.5, 1.6, 1.7, 1.8]"
"(11, 23)",4.0,"[1.5, 1.6, 1.7, 1.8]"
"(14, 21)",4.0,"[1.5, 1.6, 1.7, 1.8]"
"(14, 20)",4.0,"[1.5, 1.6, 1.7, 1.8]"
"(8, 26)",4.0,"[1.5, 1.6, 1.7, 1.8]"
"(8, 27)",4.0,"[1.5, 1.6, 1.7, 1.8]"
"(10, 25)",4.0,"[1.5, 1.6, 1.7, 1.8]"
"(9, 25)",4.0,"[1.5, 1.6, 1.7, 1.8]"
"(9, 26)",4.0,"[1.5, 1.6, 1.7, 1.8]"
"(10, 24)",4.0,"[1.5, 1.6, 1.7, 1.8]"
"(13, 21)",4.0,"[1.5, 1.6, 1.7, 1.8]"
"(6, 29)",4.0,"[1.5, 1.6, 1.7, 1.8]"
"(4, 30)",4.0,"[1.5, 1.6, 1.7, 1.8]"
"(15, 20)",4.0,"[1.5, 1.6, 1.7, 1.8]"
"(18, 17)",4.0,"[1.5, 1.6, 1.7, 1.8]"
"(19, 16)",4.0,"[1.5, 1.6, 1.7, 1.8]"
"(17, 17)",4.0,"[1.5, 1.6, 1.7, 1.8]"
"(17, 18)",4.0,"[1.5, 1.6, 1.7, 1.8]"
"(20, 14)",4.0,"[1.5, 1.6, 1.7, 1.8]"
"(20, 15)",4.0,"[1.5, 1.6, 1.7, 1.8]"
"(18, 16)",4.0,"[1.5, 1.6, 1.7, 1.8]"
"(19, 15)",4.0,"[1.5, 1.6, 1.7, 1.8]"
"(7, 26)",5.0,"[1.4, 1.5, 1.6, 1.7, 1.8]"
"(7, 25)",5.0,"[1.4, 1.5, 1.6, 1.7, 1.8]"
"(3, 28)",5.0,"[1.4, 1.5, 1.6, 1.7, 1.8]"
"(7, 24)",5.0,"[1.4, 1.5, 1.6, 1.7, 1.8]"
"(13, 18)",5.0,"[1.4, 1.5, 1.6, 1.7, 1.8]"
"(10, 21)",5.0,"[1.4, 1.5, 1.6, 1.7, 1.8]"
"(10, 22)",5.0,"[1.4, 1.5, 1.6, 1.7, 1.8]"
"(13, 19)",5.0,"[1.4, 1.5, 1.6, 1.7, 1.8]"
"(10, 23)",5.0,"[1.4, 1.5, 1.6, 1.7, 1.8]"
"(16, 15)",5.0,"[1.4, 1.5, 1.6, 1.7, 1.8]"
"(16, 16)",5.0,"[1.4, 1.5, 1.6, 1.7, 1.8]"
"(3, 29)",5.0,"[1.4, 1.5, 1.6, 1.7, 1.8]"
"(13, 20)",5.0,"[1.4, 1.5, 1.6, 1.7, 1.8]"
"(16, 17)",5.0,"[1.4, 1.5, 1.6, 1.7, 1.8]"
"(6, 26)",5.0,"[1.4, 1.5, 1.6, 1.7, 1.8]"
"(6, 27)",5.0,"[1.4, 1.5, 1.6, 1.7, 1.8]"
"(9, 22)",5.0,"[1.4, 1.5, 1.6, 1.7, 1.8]"
"(2, 29)",5.0,"[1.4, 1.5, 1.6, 1.7, 1.8]"
"(2, 30)",5.0,"[1.4, 1.5, 1.6, 1.7, 1.8]"
"(18, 13)",5.0,"[1.4, 1.5, 1.6, 1.7, 1.8]"
"(18, 14)",5.0,"[1.4, 1.5, 1.6, 1.7, 1.8]"
"(19, 14)",5.0,"[1.4, 1.5, 1.6, 1.7, 1.8]"
"(3, 30)",5.0,"[1.4, 1.5, 1.6, 1.7, 1.8]"
"(15, 18)",5.0,"[1.4, 1.5, 1.6, 1.7, 1.8]"
"(15, 17)",5.0,"[1.4, 1.5, 1.6, 1.7, 1.8]"
"(15, 16)",5.0,"[1.4, 1.5, 1.6, 1.7, 1.8]"
"(19, 13)",5.0,"[1.4, 1.5, 1.6, 1.7, 1.8]"
"(19, 12)",5.0,"[1.4, 1.5, 1.6, 1.7, 1.8]"
"(6, 25)",5.0,"[1.4, 1.5, 1.6, 1.7, 1.8]"
"(9, 23)",5.0,"[1.4, 1.5, 1.6, 1.7, 1.8]"
"(9, 24)",5.0,"[1.4, 1.5, 1.6, 1.7, 1.8]"
"(11, 22)",5.0,"[1.4, 1.5, 1.6, 1.7, 1.8]"
"(20, 11)",5.0,"[1.4, 1.5, 1.6, 1.7, 1.8]"
"(18, 15)",5.0,"[1.4, 1.5, 1.6, 1.7, 1.8]"
"(12, 21)",5.0,"[1.4, 1.5, 1.6, 1.7, 1.8]"
"(12, 20)",5.0,"[1.4, 1.5, 1.6, 1.7, 1.8]"
"(11, 21)",5.0,"[1.4, 1.5, 1.6, 1.7, 1.8]"
"(12, 19)",5.0,"[1.4, 1.5, 1.6, 1.7, 1.8]"
"(17, 14)",5.0,"[1.4, 1.5, 1.6, 1.7, 1.8]"
"(17, 15)",5.0,"[1.4, 1.5, 1.6, 1.7, 1.8]"
"(17, 16)",5.0,"[1.4, 1.5, 1.6, 1.7, 1.8]"
"(4, 29)",5.0,"[1.4, 1.5, 1.6, 1.7, 1.8]"
"(20, 12)",5.0,"[1.4, 1.5, 1.6, 1.7, 1.8]"
"(4, 28)",5.0,"[1.4, 1.5, 1.6, 1.7, 1.8]"
"(4, 27)",5.0,"[1.4, 1.5, 1.6, 1.7, 1.8]"
"(14, 19)",5.0,"[1.4, 1.5, 1.6, 1.7, 1.8]"
"(8, 23)",5.0,"[1.4, 1.5, 1.6, 1.7, 1.8]"
"(8, 24)",5.0,"[1.4, 1.5, 1.6, 1.7, 1.8]"
"(8, 25)",5.0,"[1.4, 1.5, 1.6, 1.7, 1.8]"
"(5, 26)",5.0,"[1.4, 1.5, 1.6, 1.7, 1.8]"
"(5, 27)",5.0,"[1.4, 1.5, 1.6, 1.7, 1.8]"
"(14, 18)",5.0,"[1.4, 1.5, 1.6, 1.7, 1.8]"
"(14, 17)",5.0,"[1.4, 1.5, 1.6, 1.7, 1.8]"
"(5, 28)",5.0,"[1.4, 1.5, 1.6, 1.7, 1.8]"
"(11, 20)",5.0,"[1.4, 1.5, 1.6, 1.7, 1.8]"
"(20, 13)",5.0,"[1.4, 1.5, 1.6, 1.7, 1.8]"
"(14, 14)",7.0,"[1.3, 1.4, 1.5, 1.6, 1.7, 1.8, 1.9]"
"(14, 13)",7.0,"[1.3, 1.4, 1.5, 1.6, 1.7, 1.8, 1.9]"
"(9, 21)",7.0,"[1.3, 1.4, 1.5, 1.6, 1.7, 1.8, 1.9]"
"(9, 20)",7.0,"[1.3, 1.4, 1.5, 1.6, 1.7, 1.8, 1.9]"
"(9, 19)",7.0,"[1.3, 1.4, 1.5, 1.6, 1.7, 1.8, 1.9]"
"(9, 18)",7.0,"[1.3, 1.4, 1.5, 1.6, 1.7, 1.8, 1.9]"
"(9, 17)",7.0,"[1.3, 1.4, 1.5, 1.6, 1.7, 1.8, 1.9]"
"(19, 8)",7.0,"[1.3, 1.4, 1.5, 1.6, 1.7, 1.8, 1.9]"
"(8, 21)",7.0,"[1.3, 1.4, 1.5, 1.6, 1.7, 1.8, 1.9]"
"(8, 22)",7.0,"[1.3, 1.4, 1.5, 1.6, 1.7, 1.8, 1.9]"
"(19, 7)",7.0,"[1.3, 1.4, 1.5, 1.6, 1.7, 1.8, 1.9]"
"(14, 12)",7.0,"[1.3, 1.4, 1.5, 1.6, 1.7, 1.8, 1.9]"
"(8, 20)",7.0,"[1.3, 1.4, 1.5, 1.6, 1.7, 1.8, 1.9]"
"(4, 23)",7.0,"[1.3, 1.4, 1.5, 1.6, 1.7, 1.8, 1.9]"
"(13, 16)",7.0,"[1.3, 1.4, 1.5, 1.6, 1.7, 1.8, 1.9]"
"(19, 10)",7.0,"[1.3, 1.4, 1.5, 1.6, 1.7, 1.8, 1.9]"
"(12, 16)",7.0,"[1.3, 1.4, 1.5, 1.6, 1.7, 1.8, 1.9]"
"(12, 17)",7.0,"[1.3, 1.4, 1.5, 1.6, 1.7, 1.8, 1.9]"
"(12, 18)",7.0,"[1.3, 1.4, 1.5, 1.6, 1.7, 1.8, 1.9]"
"(20, 10)",7.0,"[1.3, 1.4, 1.5, 1.6, 1.7, 1.8, 1.9]"
"(20, 9)",7.0,"[1.3, 1.4, 1.5, 1.6, 1.7, 1.8, 1.9]"
"(20, 8)",7.0,"[1.3, 1.4, 1.5, 1.6, 1.7, 1.8, 1.9]"
"(20, 7)",7.0,"[1.3, 1.4, 1.5, 1.6, 1.7, 1.8, 1.9]"
"(11, 19)",7.0,"[1.3, 1.4, 1.5, 1.6, 1.7, 1.8, 1.9]"
"(11, 18)",7.0,"[1.3, 1.4, 1.5, 1.6, 1.7, 1.8, 1.9]"
"(11, 17)",7.0,"[1.3, 1.4, 1.5, 1.6, 1.7, 1.8, 1.9]"
"(11, 16)",7.0,"[1.3, 1.4, 1.5, 1.6, 1.7, 1.8, 1.9]"
"(11, 15)",7.0,"[1.3, 1.4, 1.5, 1.6, 1.7, 1.8, 1.9]"
"(20, 6)",7.0,"[1.3, 1.4, 1.5, 1.6, 1.7, 1.8, 1.9]"
"(2, 24)",7.0,"[1.3, 1.4, 1.5, 1.6, 1.7, 1.8, 1.9]"
"(2, 25)",7.0,"[1.3, 1.4, 1.5, 1.6, 1.7, 1.8, 1.9]"
"(2, 26)",7.0,"[1.3, 1.4, 1.5, 1.6, 1.7, 1.8, 1.9]"
"(10, 20)",7.0,"[1.3, 1.4, 1.5, 1.6, 1.7, 1.8, 1.9]"
"(10, 19)",7.0,"[1.3, 1.4, 1.5, 1.6, 1.7, 1.8, 1.9]"
"(10, 18)",7.0,"[1.3, 1.4, 1.5, 1.6, 1.7, 1.8, 1.9]"
"(10, 17)",7.0,"[1.3, 1.4, 1.5, 1.6, 1.7, 1.8, 1.9]"
"(10, 16)",7.0,"[1.3, 1.4, 1.5, 1.6, 1.7, 1.8, 1.9]"
"(13, 13)",7.0,"[1.3, 1.4, 1.5, 1.6, 1.7, 1.8, 1.9]"
"(13, 14)",7.0,"[1.3, 1.4, 1.5, 1.6, 1.7, 1.8, 1.9]"
"(2, 27)",7.0,"[1.3, 1.4, 1.5, 1.6, 1.7, 1.8, 1.9]"
"(13, 15)",7.0,"[1.3, 1.4, 1.5, 1.6, 1.7, 1.8, 1.9]"
"(8, 19)",7.0,"[1.3, 1.4, 1.5, 1.6, 1.7, 1.8, 1.9]"
"(13, 17)",7.0,"[1.3, 1.4, 1.5, 1.6, 1.7, 1.8, 1.9]"
"(2, 28)",7.0,"[1.3, 1.4, 1.5, 1.6, 1.7, 1.8, 1.9]"
"(19, 11)",7.0,"[1.3, 1.4, 1.5, 1.6, 1.7, 1.8, 1.9]"
"(19, 9)",7.0,"[1.3, 1.4, 1.5, 1.6, 1.7, 1.8, 1.9]"
"(8, 18)",7.0,"[1.3, 1.4, 1.5, 1.6, 1.7, 1.8, 1.9]"
"(14, 16)",7.0,"[1.3, 1.4, 1.5, 1.6, 1.7, 1.8, 1.9]"
"(4, 22)",7.0,"[1.3, 1.4, 1.5, 1.6, 1.7, 1.8, 1.9]"
"(14, 15)",7.0,"[1.3, 1.4, 1.5, 1.6, 1.7, 1.8, 1.9]"
"(18, 8)",7.0,"[1.3, 1.4, 1.5, 1.6, 1.7, 1.8, 1.9]"
"(6, 20)",7.0,"[1.3, 1.4, 1.5, 1.6, 1.7, 1.8, 1.9]"
"(6, 21)",7.0,"[1.3, 1.4, 1.5, 1.6, 1.7, 1.8, 1.9]"
"(6, 22)",7.0,"[1.3, 1.4, 1.5, 1.6, 1.7, 1.8, 1.9]"
"(6, 23)",7.0,"[1.3, 1.4, 1.5, 1.6, 1.7, 1.8, 1.9]"
"(16, 10)",7.0,"[1.3, 1.4, 1.5, 1.6, 1.7, 1.8, 1.9]"
"(6, 24)",7.0,"[1.3, 1.4, 1.5, 1.6, 1.7, 1.8, 1.9]"
"(18, 10)",7.0,"[1.3, 1.4, 1.5, 1.6, 1.7, 1.8, 1.9]"
"(18, 11)",7.0,"[1.3, 1.4, 1.5, 1.6, 1.7, 1.8, 1.9]"
"(18, 12)",7.0,"[1.3, 1.4, 1.5, 1.6, 1.7, 1.8, 1.9]"
"(12, 15)",7.0,"[1.3, 1.4, 1.5, 1.6, 1.7, 1.8, 1.9]"
"(15, 15)",7.0,"[1.3, 1.4, 1.5, 1.6, 1.7, 1.8, 1.9]"
"(15, 14)",7.0,"[1.3, 1.4, 1.5, 1.6, 1.7, 1.8, 1.9]"
"(18, 9)",7.0,"[1.3, 1.4, 1.5, 1.6, 1.7, 1.8, 1.9]"
"(15, 13)",7.0,"[1.3, 1.4, 1.5, 1.6, 1.7, 1.8, 1.9]"
"(16, 11)",7.0,"[1.3, 1.4, 1.5, 1.6, 1.7, 1.8, 1.9]"
"(16, 13)",7.0,"[1.3, 1.4, 1.5, 1.6, 1.7, 1.8, 1.9]"
"(4, 24)",7.0,"[1.3, 1.4, 1.5, 1.6, 1.7, 1.8, 1.9]"
"(4, 25)",7.0,"[1.3, 1.4, 1.5, 1.6, 1.7, 1.8, 1.9]"
"(4, 26)",7.0,"[1.3, 1.4, 1.5, 1.6, 1.7, 1.8, 1.9]"
"(17, 13)",7.0,"[1.3, 1.4, 1.5, 1.6, 1.7, 1.8, 1.9]"
"(17, 12)",7.0,"[1.3, 1.4, 1.5, 1.6, 1.7, 1.8, 1.9]"
"(17, 11)",7.0,"[1.3, 1.4, 1.5, 1.6, 1.7, 1.8, 1.9]"
"(16, 12)",7.0,"[1.3, 1.4, 1.5, 1.6, 1.7, 1.8, 1.9]"
"(17, 10)",7.0,"[1.3, 1.4, 1.5, 1.6, 1.7, 1.8, 1.9]"
"(5, 21)",7.0,"[1.3, 1.4, 1.5, 1.6, 1.7, 1.8, 1.9]"
"(5, 22)",7.0,"[1.3, 1.4, 1.5, 1.6, 1.7, 1.8, 1.9]"
"(5, 23)",7.0,"[1.3, 1.4, 1.5, 1.6, 1.7, 1.8, 1.9]"
"(5, 24)",7.0,"[1.3, 1.4, 1.5, 1.6, 1.7, 1.8, 1.9]"
"(5, 25)",7.0,"[1.3, 1.4, 1.5, 1.6, 1.7, 1.8, 1.9]"
"(16, 14)",7.0,"[1.3, 1.4, 1.5, 1.6, 1.7, 1.8, 1.9]"
"(17, 9)",7.0,"[1.3, 1.4, 1.5, 1.6, 1.7, 1.8, 1.9]"
"(15, 12)",7.0,"[1.3, 1.4, 1.5, 1.6, 1.7, 1.8, 1.9]"
"(12, 14)",7.0,"[1.3, 1.4, 1.5, 1.6, 1.7, 1.8, 1.9]"
"(15, 11)",7.0,"[1.3, 1.4, 1.5, 1.6, 1.7, 1.8, 1.9]"
"(3, 23)",7.0,"[1.3, 1.4, 1.5, 1.6, 1.7, 1.8, 1.9]"
"(3, 24)",7.0,"[1.3, 1.4, 1.5, 1.6, 1.7, 1.8, 1.9]"
"(3, 25)",7.0,"[1.3, 1.4, 1.5, 1.6, 1.7, 1.8, 1.9]"
"(7, 19)",7.0,"[1.3, 1.4, 1.5, 1.6, 1.7, 1.8, 1.9]"
"(7, 20)",7.0,"[1.3, 1.4, 1.5, 1.6, 1.7, 1.8, 1.9]"
"(7, 21)",7.0,"[1.3, 1.4, 1.5, 1.6, 1.7, 1.8, 1.9]"
"(7, 22)",7.0,"[1.3, 1.4, 1.5, 1.6, 1.7, 1.8, 1.9]"
"(7, 23)",7.0,"[1.3, 1.4, 1.5, 1.6, 1.7, 1.8, 1.9]"
"(3, 27)",7.0,"[1.3, 1.4, 1.5, 1.6, 1.7, 1.8, 1.9]"
"(3, 26)",7.0,"[1.3, 1.4, 1.5, 1.6, 1.7, 1.8, 1.9]"
"(19, 5)",8.0,"[1.2, 1.3, 1.4, 1.5, 1.6, 1.7, 1.8, 1.9]"
"(19, 6)",8.0,"[1.2, 1.3, 1.4, 1.5, 1.6, 1.7, 1.8, 1.9]"
"(15, 5)",8.0,"[1.2, 1.3, 1.4, 1.5, 1.6, 1.7, 1.8, 1.9]"
"(15, 6)",8.0,"[1.2, 1.3, 1.4, 1.5, 1.6, 1.7, 1.8, 1.9]"
"(15, 10)",8.0,"[1.2, 1.3, 1.4, 1.5, 1.6, 1.7, 1.8, 1.9]"
"(20, 5)",8.0,"[1.2, 1.3, 1.4, 1.5, 1.6, 1.7, 1.8, 1.9]"
"(20, 4)",8.0,"[1.2, 1.3, 1.4, 1.5, 1.6, 1.7, 1.8, 1.9]"
"(13, 2)",8.0,"[1.2, 1.3, 1.4, 1.5, 1.6, 1.7, 1.8, 1.9]"
"(19, 4)",8.0,"[1.2, 1.3, 1.4, 1.5, 1.6, 1.7, 1.8, 1.9]"
"(13, 3)",8.0,"[1.2, 1.3, 1.4, 1.5, 1.6, 1.7, 1.8, 1.9]"
"(18, 5)",8.0,"[1.2, 1.3, 1.4, 1.5, 1.6, 1.7, 1.8, 1.9]"
"(18, 4)",8.0,"[1.2, 1.3, 1.4, 1.5, 1.6, 1.7, 1.8, 1.9]"
"(17, 4)",8.0,"[1.2, 1.3, 1.4, 1.5, 1.6, 1.7, 1.8, 1.9]"
"(18, 2)",8.0,"[1.2, 1.3, 1.4, 1.5, 1.6, 1.7, 1.8, 1.9]"
"(17, 2)",8.0,"[1.2, 1.3, 1.4, 1.5, 1.6, 1.7, 1.8, 1.9]"
"(17, 3)",8.0,"[1.2, 1.3, 1.4, 1.5, 1.6, 1.7, 1.8, 1.9]"
"(13, 4)",8.0,"[1.2, 1.3, 1.4, 1.5, 1.6, 1.7, 1.8, 1.9]"
"(17, 5)",8.0,"[1.2, 1.3, 1.4, 1.5, 1.6, 1.7, 1.8, 1.9]"
"(17, 6)",8.0,"[1.2, 1.3, 1.4, 1.5, 1.6, 1.7, 1.8, 1.9]"
"(17, 7)",8.0,"[1.2, 1.3, 1.4, 1.5, 1.6, 1.7, 1.8, 1.9]"
"(17, 8)",8.0,"[1.2, 1.3, 1.4, 1.5, 1.6, 1.7, 1.8, 1.9]"
"(19, 3)",8.0,"[1.2, 1.3, 1.4, 1.5, 1.6, 1.7, 1.8, 1.9]"
"(19, 2)",8.0,"[1.2, 1.3, 1.4, 1.5, 1.6, 1.7, 1.8, 1.9]"
"(15, 4)",8.0,"[1.2, 1.3, 1.4, 1.5, 1.6, 1.7, 1.8, 1.9]"
"(15, 3)",8.0,"[1.2, 1.3, 1.4, 1.5, 1.6, 1.7, 1.8, 1.9]"
"(15, 2)",8.0,"[1.2, 1.3, 1.4, 1.5, 1.6, 1.7, 1.8, 1.9]"
"(18, 3)",8.0,"[1.2, 1.3, 1.4, 1.5, 1.6, 1.7, 1.8, 1.9]"
"(13, 5)",8.0,"[1.2, 1.3, 1.4, 1.5, 1.6, 1.7, 1.8, 1.9]"
"(13, 9)",8.0,"[1.2, 1.3, 1.4, 1.5, 1.6, 1.7, 1.8, 1.9]"
"(13, 7)",8.0,"[1.2, 1.3, 1.4, 1.5, 1.6, 1.7, 1.8, 1.9]"
"(15, 9)",8.0,"[1.2, 1.3, 1.4, 1.5, 1.6, 1.7, 1.8, 1.9]"
"(15, 8)",8.0,"[1.2, 1.3, 1.4, 1.5, 1.6, 1.7, 1.8, 1.9]"
"(15, 7)",8.0,"[1.2, 1.3, 1.4, 1.5, 1.6, 1.7, 1.8, 1.9]"
"(14, 2)",8.0,"[1.2, 1.3, 1.4, 1.5, 1.6, 1.7, 1.8, 1.9]"
"(14, 3)",8.0,"[1.2, 1.3, 1.4, 1.5, 1.6, 1.7, 1.8, 1.9]"
"(14, 4)",8.0,"[1.2, 1.3, 1.4, 1.5, 1.6, 1.7, 1.8, 1.9]"
"(14, 5)",8.0,"[1.2, 1.3, 1.4, 1.5, 1.6, 1.7, 1.8, 1.9]"
"(14, 6)",8.0,"[1.2, 1.3, 1.4, 1.5, 1.6, 1.7, 1.8, 1.9]"
"(16, 2)",8.0,"[1.2, 1.3, 1.4, 1.5, 1.6, 1.7, 1.8, 1.9]"
"(16, 3)",8.0,"[1.2, 1.3, 1.4, 1.5, 1.6, 1.7, 1.8, 1.9]"
"(14, 7)",8.0,"[1.2, 1.3, 1.4, 1.5, 1.6, 1.7, 1.8, 1.9]"
"(13, 12)",8.0,"[1.2, 1.3, 1.4, 1.5, 1.6, 1.7, 1.8, 1.9]"
"(16, 5)",8.0,"[1.2, 1.3, 1.4, 1.5, 1.6, 1.7, 1.8, 1.9]"
"(13, 6)",8.0,"[1.2, 1.3, 1.4, 1.5, 1.6, 1.7, 1.8, 1.9]"
"(16, 6)",8.0,"[1.2, 1.3, 1.4, 1.5, 1.6, 1.7, 1.8, 1.9]"
"(16, 8)",8.0,"[1.2, 1.3, 1.4, 1.5, 1.6, 1.7, 1.8, 1.9]"
"(16, 9)",8.0,"[1.2, 1.3, 1.4, 1.5, 1.6, 1.7, 1.8, 1.9]"
"(14, 8)",8.0,"[1.2, 1.3, 1.4, 1.5, 1.6, 1.7, 1.8, 1.9]"
"(14, 9)",8.0,"[1.2, 1.3, 1.4, 1.5, 1.6, 1.7, 1.8, 1.9]"
"(14, 10)",8.0,"[1.2, 1.3, 1.4, 1.5, 1.6, 1.7, 1.8, 1.9]"
"(14, 11)",8.0,"[1.2, 1.3, 1.4, 1.5, 1.6, 1.7, 1.8, 1.9]"
"(18, 7)",8.0,"[1.2, 1.3, 1.4, 1.5, 1.6, 1.7, 1.8, 1.9]"
"(18, 6)",8.0,"[1.2, 1.3, 1.4, 1.5, 1.6, 1.7, 1.8, 1.9]"
"(20, 2)",8.0,"[1.2, 1.3, 1.4, 1.5, 1.6, 1.7, 1.8, 1.9]"
"(20, 3)",8.0,"[1.2, 1.3, 1.4, 1.5, 1.6, 1.7, 1.8, 1.9]"
"(13, 11)",8.0,"[1.2, 1.3, 1.4, 1.5, 1.6, 1.7, 1.8, 1.9]"
"(13, 10)",8.0,"[1.2, 1.3, 1.4, 1.5, 1.6, 1.7, 1.8, 1.9]"
"(13, 8)",8.0,"[1.2, 1.3, 1.4, 1.5, 1.6, 1.7, 1.8, 1.9]"
"(16, 7)",8.0,"[1.2, 1.3, 1.4, 1.5, 1.6, 1.7, 1.8, 1.9]"
"(16, 4)",8.0,"[1.2, 1.3, 1.4, 1.5, 1.6, 1.7, 1.8, 1.9]"
"(2, 2)",8.0,"[1.2, 1.3, 1.4, 1.5, 1.6, 1.7, 1.8, 1.9]"
"(12, 12)",8.0,"[1.2, 1.3, 1.4, 1.5, 1.6, 1.7, 1.8, 1.9]"
"(5, 5)",8.0,"[1.2, 1.3, 1.4, 1.5, 1.6, 1.7, 1.8, 1.9]"
"(5, 4)",8.0,"[1.2, 1.3, 1.4, 1.5, 1.6, 1.7, 1.8, 1.9]"
"(5, 3)",8.0,"[1.2, 1.3, 1.4, 1.5, 1.6, 1.7, 1.8, 1.9]"
"(5, 2)",8.0,"[1.2, 1.3, 1.4, 1.5, 1.6, 1.7, 1.8, 1.9]"
"(4, 21)",8.0,"[1.2, 1.3, 1.4, 1.5, 1.6, 1.7, 1.8, 1.9]"
"(4, 20)",8.0,"[1.2, 1.3, 1.4, 1.5, 1.6, 1.7, 1.8, 1.9]"
"(4, 19)",8.0,"[1.2, 1.3, 1.4, 1.5, 1.6, 1.7, 1.8, 1.9]"
"(4, 18)",8.0,"[1.2, 1.3, 1.4, 1.5, 1.6, 1.7, 1.8, 1.9]"
"(4, 17)",8.0,"[1.2, 1.3, 1.4, 1.5, 1.6, 1.7, 1.8, 1.9]"
"(4, 16)",8.0,"[1.2, 1.3, 1.4, 1.5, 1.6, 1.7, 1.8, 1.9]"
"(4, 15)",8.0,"[1.2, 1.3, 1.4, 1.5, 1.6, 1.7, 1.8, 1.9]"
"(4, 14)",8.0,"[1.2, 1.3, 1.4, 1.5, 1.6, 1.7, 1.8, 1.9]"
"(4, 13)",8.0,"[1.2, 1.3, 1.4, 1.5, 1.6, 1.7, 1.8, 1.9]"
"(4, 12)",8.0,"[1.2, 1.3, 1.4, 1.5, 1.6, 1.7, 1.8, 1.9]"
"(4, 11)",8.0,"[1.2, 1.3, 1.4, 1.5, 1.6, 1.7, 1.8, 1.9]"
"(4, 10)",8.0,"[1.2, 1.3, 1.4, 1.5, 1.6, 1.7, 1.8, 1.9]"
"(4, 9)",8.0,"[1.2, 1.3, 1.4, 1.5, 1.6, 1.7, 1.8, 1.9]"
"(4, 8)",8.0,"[1.2, 1.3, 1.4, 1.5, 1.6, 1.7, 1.8, 1.9]"
"(4, 7)",8.0,"[1.2, 1.3, 1.4, 1.5, 1.6, 1.7, 1.8, 1.9]"
"(5, 6)",8.0,"[1.2, 1.3, 1.4, 1.5, 1.6, 1.7, 1.8, 1.9]"
"(4, 6)",8.0,"[1.2, 1.3, 1.4, 1.5, 1.6, 1.7, 1.8, 1.9]"
"(5, 7)",8.0,"[1.2, 1.3, 1.4, 1.5, 1.6, 1.7, 1.8, 1.9]"
"(5, 9)",8.0,"[1.2, 1.3, 1.4, 1.5, 1.6, 1.7, 1.8, 1.9]"
"(6, 9)",8.0,"[1.2, 1.3, 1.4, 1.5, 1.6, 1.7, 1.8, 1.9]"
"(6, 8)",8.0,"[1.2, 1.3, 1.4, 1.5, 1.6, 1.7, 1.8, 1.9]"
"(6, 7)",8.0,"[1.2, 1.3, 1.4, 1.5, 1.6, 1.7, 1.8, 1.9]"
"(6, 6)",8.0,"[1.2, 1.3, 1.4, 1.5, 1.6, 1.7, 1.8, 1.9]"
"(6, 5)",8.0,"[1.2, 1.3, 1.4, 1.5, 1.6, 1.7, 1.8, 1.9]"
"(6, 4)",8.0,"[1.2, 1.3, 1.4, 1.5, 1.6, 1.7, 1.8, 1.9]"
"(6, 3)",8.0,"[1.2, 1.3, 1.4, 1.5, 1.6, 1.7, 1.8, 1.9]"
"(6, 2)",8.0,"[1.2, 1.3, 1.4, 1.5, 1.6, 1.7, 1.8, 1.9]"
"(5, 20)",8.0,"[1.2, 1.3, 1.4, 1.5, 1.6, 1.7, 1.8, 1.9]"
"(5, 19)",8.0,"[1.2, 1.3, 1.4, 1.5, 1.6, 1.7, 1.8, 1.9]"
"(5, 18)",8.0,"[1.2, 1.3, 1.4, 1.5, 1.6, 1.7, 1.8, 1.9]"
"(5, 17)",8.0,"[1.2, 1.3, 1.4, 1.5, 1.6, 1.7, 1.8, 1.9]"
"(5, 16)",8.0,"[1.2, 1.3, 1.4, 1.5, 1.6, 1.7, 1.8, 1.9]"
"(5, 15)",8.0,"[1.2, 1.3, 1.4, 1.5, 1.6, 1.7, 1.8, 1.9]"
"(5, 14)",8.0,"[1.2, 1.3, 1.4, 1.5, 1.6, 1.7, 1.8, 1.9]"
"(5, 13)",8.0,"[1.2, 1.3, 1.4, 1.5, 1.6, 1.7, 1.8, 1.9]"
"(5, 12)",8.0,"[1.2, 1.3, 1.4, 1.5, 1.6, 1.7, 1.8, 1.9]"
"(5, 11)",8.0,"[1.2, 1.3, 1.4, 1.5, 1.6, 1.7, 1.8, 1.9]"
"(5, 10)",8.0,"[1.2, 1.3, 1.4, 1.5, 1.6, 1.7, 1.8, 1.9]"
"(5, 8)",8.0,"[1.2, 1.3, 1.4, 1.5, 1.6, 1.7, 1.8, 1.9]"
"(4, 5)",8.0,"[1.2, 1.3, 1.4, 1.5, 1.6, 1.7, 1.8, 1.9]"
"(4, 4)",8.0,"[1.2, 1.3, 1.4, 1.5, 1.6, 1.7, 1.8, 1.9]"
"(4, 3)",8.0,"[1.2, 1.3, 1.4, 1.5, 1.6, 1.7, 1.8, 1.9]"
"(2, 21)",8.0,"[1.2, 1.3, 1.4, 1.5, 1.6, 1.7, 1.8, 1.9]"
"(2, 20)",8.0,"[1.2, 1.3, 1.4, 1.5, 1.6, 1.7, 1.8, 1.9]"
"(2, 19)",8.0,"[1.2, 1.3, 1.4, 1.5, 1.6, 1.7, 1.8, 1.9]"
"(2, 18)",8.0,"[1.2, 1.3, 1.4, 1.5, 1.6, 1.7, 1.8, 1.9]"
"(2, 17)",8.0,"[1.2, 1.3, 1.4, 1.5, 1.6, 1.7, 1.8, 1.9]"
"(2, 16)",8.0,"[1.2, 1.3, 1.4, 1.5, 1.6, 1.7, 1.8, 1.9]"
"(2, 15)",8.0,"[1.2, 1.3, 1.4, 1.5, 1.6, 1.7, 1.8, 1.9]"
"(2, 14)",8.0,"[1.2, 1.3, 1.4, 1.5, 1.6, 1.7, 1.8, 1.9]"
"(2, 13)",8.0,"[1.2, 1.3, 1.4, 1.5, 1.6, 1.7, 1.8, 1.9]"
"(2, 12)",8.0,"[1.2, 1.3, 1.4, 1.5, 1.6, 1.7, 1.8, 1.9]"
"(2, 11)",8.0,"[1.2, 1.3, 1.4, 1.5, 1.6, 1.7, 1.8, 1.9]"
"(2, 10)",8.0,"[1.2, 1.3, 1.4, 1.5, 1.6, 1.7, 1.8, 1.9]"
"(2, 9)",8.0,"[1.2, 1.3, 1.4, 1.5, 1.6, 1.7, 1.8, 1.9]"
"(2, 8)",8.0,"[1.2, 1.3, 1.4, 1.5, 1.6, 1.7, 1.8, 1.9]"
"(2, 7)",8.0,"[1.2, 1.3, 1.4, 1.5, 1.6, 1.7, 1.8, 1.9]"
"(2, 6)",8.0,"[1.2, 1.3, 1.4, 1.5, 1.6, 1.7, 1.8, 1.9]"
"(2, 5)",8.0,"[1.2, 1.3, 1.4, 1.5, 1.6, 1.7, 1.8, 1.9]"
"(2, 4)",8.0,"[1.2, 1.3, 1.4, 1.5, 1.6, 1.7, 1.8, 1.9]"
"(2, 3)",8.0,"[1.2, 1.3, 1.4, 1.5, 1.6, 1.7, 1.8, 1.9]"
"(2, 22)",8.0,"[1.2, 1.3, 1.4, 1.5, 1.6, 1.7, 1.8, 1.9]"
"(2, 23)",8.0,"[1.2, 1.3, 1.4, 1.5, 1.6, 1.7, 1.8, 1.9]"
"(3, 2)",8.0,"[1.2, 1.3, 1.4, 1.5, 1.6, 1.7, 1.8, 1.9]"
"(3, 3)",8.0,"[1.2, 1.3, 1.4, 1.5, 1.6, 1.7, 1.8, 1.9]"
"(4, 2)",8.0,"[1.2, 1.3, 1.4, 1.5, 1.6, 1.7, 1.8, 1.9]"
"(3, 22)",8.0,"[1.2, 1.3, 1.4, 1.5, 1.6, 1.7, 1.8, 1.9]"
"(3, 21)",8.0,"[1.2, 1.3, 1.4, 1.5, 1.6, 1.7, 1.8, 1.9]"
"(3, 20)",8.0,"[1.2, 1.3, 1.4, 1.5, 1.6, 1.7, 1.8, 1.9]"
"(3, 19)",8.0,"[1.2, 1.3, 1.4, 1.5, 1.6, 1.7, 1.8, 1.9]"
"(3, 18)",8.0,"[1.2, 1.3, 1.4, 1.5, 1.6, 1.7, 1.8, 1.9]"
"(3, 17)",8.0,"[1.2, 1.3, 1.4, 1.5, 1.6, 1.7, 1.8, 1.9]"
"(3, 16)",8.0,"[1.2, 1.3, 1.4, 1.5, 1.6, 1.7, 1.8, 1.9]"
"(3, 15)",8.0,"[1.2, 1.3, 1.4, 1.5, 1.6, 1.7, 1.8, 1.9]"
"(6, 10)",8.0,"[1.2, 1.3, 1.4, 1.5, 1.6, 1.7, 1.8, 1.9]"
"(3, 14)",8.0,"[1.2, 1.3, 1.4, 1.5, 1.6, 1.7, 1.8, 1.9]"
"(3, 12)",8.0,"[1.2, 1.3, 1.4, 1.5, 1.6, 1.7, 1.8, 1.9]"
"(3, 11)",8.0,"[1.2, 1.3, 1.4, 1.5, 1.6, 1.7, 1.8, 1.9]"
"(3, 10)",8.0,"[1.2, 1.3, 1.4, 1.5, 1.6, 1.7, 1.8, 1.9]"
"(3, 9)",8.0,"[1.2, 1.3, 1.4, 1.5, 1.6, 1.7, 1.8, 1.9]"
"(3, 8)",8.0,"[1.2, 1.3, 1.4, 1.5, 1.6, 1.7, 1.8, 1.9]"
"(3, 7)",8.0,"[1.2, 1.3, 1.4, 1.5, 1.6, 1.7, 1.8, 1.9]"
"(3, 6)",8.0,"[1.2, 1.3, 1.4, 1.5, 1.6, 1.7, 1.8, 1.9]"
"(3, 5)",8.0,"[1.2, 1.3, 1.4, 1.5, 1.6, 1.7, 1.8, 1.9]"
"(3, 4)",8.0,"[1.2, 1.3, 1.4, 1.5, 1.6, 1.7, 1.8, 1.9]"
"(3, 13)",8.0,"[1.2, 1.3, 1.4, 1.5, 1.6, 1.7, 1.8, 1.9]"
"(6, 11)",8.0,"[1.2, 1.3, 1.4, 1.5, 1.6, 1.7, 1.8, 1.9]"
"(6, 12)",8.0,"[1.2, 1.3, 1.4, 1.5, 1.6, 1.7, 1.8, 1.9]"
"(6, 13)",8.0,"[1.2, 1.3, 1.4, 1.5, 1.6, 1.7, 1.8, 1.9]"
"(10, 14)",8.0,"[1.2, 1.3, 1.4, 1.5, 1.6, 1.7, 1.8, 1.9]"
"(10, 13)",8.0,"[1.2, 1.3, 1.4, 1.5, 1.6, 1.7, 1.8, 1.9]"
"(10, 11)",8.0,"[1.2, 1.3, 1.4, 1.5, 1.6, 1.7, 1.8, 1.9]"
"(10, 10)",8.0,"[1.2, 1.3, 1.4, 1.5, 1.6, 1.7, 1.8, 1.9]"
"(10, 9)",8.0,"[1.2, 1.3, 1.4, 1.5, 1.6, 1.7, 1.8, 1.9]"
"(10, 8)",8.0,"[1.2, 1.3, 1.4, 1.5, 1.6, 1.7, 1.8, 1.9]"
"(10, 7)",8.0,"[1.2, 1.3, 1.4, 1.5, 1.6, 1.7, 1.8, 1.9]"
"(10, 6)",8.0,"[1.2, 1.3, 1.4, 1.5, 1.6, 1.7, 1.8, 1.9]"
"(10, 5)",8.0,"[1.2, 1.3, 1.4, 1.5, 1.6, 1.7, 1.8, 1.9]"
"(10, 4)",8.0,"[1.2, 1.3, 1.4, 1.5, 1.6, 1.7, 1.8, 1.9]"
"(10, 3)",8.0,"[1.2, 1.3, 1.4, 1.5, 1.6, 1.7, 1.8, 1.9]"
"(10, 2)",8.0,"[1.2, 1.3, 1.4, 1.5, 1.6, 1.7, 1.8, 1.9]"
"(9, 16)",8.0,"[1.2, 1.3, 1.4, 1.5, 1.6, 1.7, 1.8, 1.9]"
"(9, 15)",8.0,"[1.2, 1.3, 1.4, 1.5, 1.6, 1.7, 1.8, 1.9]"
"(9, 14)",8.0,"[1.2, 1.3, 1.4, 1.5, 1.6, 1.7, 1.8, 1.9]"
"(9, 13)",8.0,"[1.2, 1.3, 1.4, 1.5, 1.6, 1.7, 1.8, 1.9]"
"(9, 12)",8.0,"[1.2, 1.3, 1.4, 1.5, 1.6, 1.7, 1.8, 1.9]"
"(9, 11)",8.0,"[1.2, 1.3, 1.4, 1.5, 1.6, 1.7, 1.8, 1.9]"
"(9, 10)",8.0,"[1.2, 1.3, 1.4, 1.5, 1.6, 1.7, 1.8, 1.9]"
"(10, 15)",8.0,"[1.2, 1.3, 1.4, 1.5, 1.6, 1.7, 1.8, 1.9]"
"(11, 2)",8.0,"[1.2, 1.3, 1.4, 1.5, 1.6, 1.7, 1.8, 1.9]"
"(11, 3)",8.0,"[1.2, 1.3, 1.4, 1.5, 1.6, 1.7, 1.8, 1.9]"
"(11, 4)",8.0,"[1.2, 1.3, 1.4, 1.5, 1.6, 1.7, 1.8, 1.9]"
"(12, 11)",8.0,"[1.2, 1.3, 1.4, 1.5, 1.6, 1.7, 1.8, 1.9]"
"(12, 10)",8.0,"[1.2, 1.3, 1.4, 1.5, 1.6, 1.7, 1.8, 1.9]"
"(12, 9)",8.0,"[1.2, 1.3, 1.4, 1.5, 1.6, 1.7, 1.8, 1.9]"
"(12, 8)",8.0,"[1.2, 1.3, 1.4, 1.5, 1.6, 1.7, 1.8, 1.9]"
"(12, 7)",8.0,"[1.2, 1.3, 1.4, 1.5, 1.6, 1.7, 1.8, 1.9]"
"(12, 6)",8.0,"[1.2, 1.3, 1.4, 1.5, 1.6, 1.7, 1.8, 1.9]"
"(12, 5)",8.0,"[1.2, 1.3, 1.4, 1.5, 1.6, 1.7, 1.8, 1.9]"
"(12, 4)",8.0,"[1.2, 1.3, 1.4, 1.5, 1.6, 1.7, 1.8, 1.9]"
"(12, 3)",8.0,"[1.2, 1.3, 1.4, 1.5, 1.6, 1.7, 1.8, 1.9]"
"(9, 9)",8.0,"[1.2, 1.3, 1.4, 1.5, 1.6, 1.7, 1.8, 1.9]"
"(12, 2)",8.0,"[1.2, 1.3, 1.4, 1.5, 1.6, 1.7, 1.8, 1.9]"
"(11, 13)",8.0,"[1.2, 1.3, 1.4, 1.5, 1.6, 1.7, 1.8, 1.9]"
"(11, 12)",8.0,"[1.2, 1.3, 1.4, 1.5, 1.6, 1.7, 1.8, 1.9]"
"(11, 11)",8.0,"[1.2, 1.3, 1.4, 1.5, 1.6, 1.7, 1.8, 1.9]"
"(11, 10)",8.0,"[1.2, 1.3, 1.4, 1.5, 1.6, 1.7, 1.8, 1.9]"
"(11, 9)",8.0,"[1.2, 1.3, 1.4, 1.5, 1.6, 1.7, 1.8, 1.9]"
"(11, 8)",8.0,"[1.2, 1.3, 1.4, 1.5, 1.6, 1.7, 1.8, 1.9]"
"(11, 7)",8.0,"[1.2, 1.3, 1.4, 1.5, 1.6, 1.7, 1.8, 1.9]"
"(11, 6)",8.0,"[1.2, 1.3, 1.4, 1.5, 1.6, 1.7, 1.8, 1.9]"
"(11, 5)",8.0,"[1.2, 1.3, 1.4, 1.5, 1.6, 1.7, 1.8, 1.9]"
"(11, 14)",8.0,"[1.2, 1.3, 1.4, 1.5, 1.6, 1.7, 1.8, 1.9]"
"(12, 13)",8.0,"[1.2, 1.3, 1.4, 1.5, 1.6, 1.7, 1.8, 1.9]"
"(9, 8)",8.0,"[1.2, 1.3, 1.4, 1.5, 1.6, 1.7, 1.8, 1.9]"
"(9, 6)",8.0,"[1.2, 1.3, 1.4, 1.5, 1.6, 1.7, 1.8, 1.9]"
"(7, 14)",8.0,"[1.2, 1.3, 1.4, 1.5, 1.6, 1.7, 1.8, 1.9]"
"(7, 13)",8.0,"[1.2, 1.3, 1.4, 1.5, 1.6, 1.7, 1.8, 1.9]"
"(7, 12)",8.0,"[1.2, 1.3, 1.4, 1.5, 1.6, 1.7, 1.8, 1.9]"
"(7, 11)",8.0,"[1.2, 1.3, 1.4, 1.5, 1.6, 1.7, 1.8, 1.9]"
"(7, 10)",8.0,"[1.2, 1.3, 1.4, 1.5, 1.6, 1.7, 1.8, 1.9]"
"(7, 9)",8.0,"[1.2, 1.3, 1.4, 1.5, 1.6, 1.7, 1.8, 1.9]"
"(7, 8)",8.0,"[1.2, 1.3, 1.4, 1.5, 1.6, 1.7, 1.8, 1.9]"
"(7, 7)",8.0,"[1.2, 1.3, 1.4, 1.5, 1.6, 1.7, 1.8, 1.9]"
"(7, 6)",8.0,"[1.2, 1.3, 1.4, 1.5, 1.6, 1.7, 1.8, 1.9]"
"(7, 5)",8.0,"[1.2, 1.3, 1.4, 1.5, 1.6, 1.7, 1.8, 1.9]"
"(7, 4)",8.0,"[1.2, 1.3, 1.4, 1.5, 1.6, 1.7, 1.8, 1.9]"
"(7, 3)",8.0,"[1.2, 1.3, 1.4, 1.5, 1.6, 1.7, 1.8, 1.9]"
"(7, 2)",8.0,"[1.2, 1.3, 1.4, 1.5, 1.6, 1.7, 1.8, 1.9]"
"(6, 19)",8.0,"[1.2, 1.3, 1.4, 1.5, 1.6, 1.7, 1.8, 1.9]"
"(6, 18)",8.0,"[1.2, 1.3, 1.4, 1.5, 1.6, 1.7, 1.8, 1.9]"
"(6, 17)",8.0,"[1.2, 1.3, 1.4, 1.5, 1.6, 1.7, 1.8, 1.9]"
"(6, 16)",8.0,"[1.2, 1.3, 1.4, 1.5, 1.6, 1.7, 1.8, 1.9]"
"(6, 15)",8.0,"[1.2, 1.3, 1.4, 1.5, 1.6, 1.7, 1.8, 1.9]"
"(6, 14)",8.0,"[1.2, 1.3, 1.4, 1.5, 1.6, 1.7, 1.8, 1.9]"
"(7, 15)",8.0,"[1.2, 1.3, 1.4, 1.5, 1.6, 1.7, 1.8, 1.9]"
"(7, 16)",8.0,"[1.2, 1.3, 1.4, 1.5, 1.6, 1.7, 1.8, 1.9]"
"(7, 17)",8.0,"[1.2, 1.3, 1.4, 1.5, 1.6, 1.7, 1.8, 1.9]"
"(7, 18)",8.0,"[1.2, 1.3, 1.4, 1.5, 1.6, 1.7, 1.8, 1.9]"
"(9, 5)",8.0,"[1.2, 1.3, 1.4, 1.5, 1.6, 1.7, 1.8, 1.9]"
"(9, 4)",8.0,"[1.2, 1.3, 1.4, 1.5, 1.6, 1.7, 1.8, 1.9]"
"(9, 3)",8.0,"[1.2, 1.3, 1.4, 1.5, 1.6, 1.7, 1.8, 1.9]"
"(9, 2)",8.0,"[1.2, 1.3, 1.4, 1.5, 1.6, 1.7, 1.8, 1.9]"
"(8, 17)",8.0,"[1.2, 1.3, 1.4, 1.5, 1.6, 1.7, 1.8, 1.9]"
"(8, 16)",8.0,"[1.2, 1.3, 1.4, 1.5, 1.6, 1.7, 1.8, 1.9]"
"(8, 15)",8.0,"[1.2, 1.3, 1.4, 1.5, 1.6, 1.7, 1.8, 1.9]"
"(8, 14)",8.0,"[1.2, 1.3, 1.4, 1.5, 1.6, 1.7, 1.8, 1.9]"
"(8, 13)",8.0,"[1.2, 1.3, 1.4, 1.5, 1.6, 1.7, 1.8, 1.9]"
"(9, 7)",8.0,"[1.2, 1.3, 1.4, 1.5, 1.6, 1.7, 1.8, 1.9]"
"(8, 12)",8.0,"[1.2, 1.3, 1.4, 1.5, 1.6, 1.7, 1.8, 1.9]"
"(8, 10)",8.0,"[1.2, 1.3, 1.4, 1.5, 1.6, 1.7, 1.8, 1.9]"
"(8, 9)",8.0,"[1.2, 1.3, 1.4, 1.5, 1.6, 1.7, 1.8, 1.9]"
"(8, 8)",8.0,"[1.2, 1.3, 1.4, 1.5, 1.6, 1.7, 1.8, 1.9]"
"(8, 7)",8.0,"[1.2, 1.3, 1.4, 1.5, 1.6, 1.7, 1.8, 1.9]"
"(8, 6)",8.0,"[1.2, 1.3, 1.4, 1.5, 1.6, 1.7, 1.8, 1.9]"
"(8, 5)",8.0,"[1.2, 1.3, 1.4, 1.5, 1.6, 1.7, 1.8, 1.9]"
"(8, 4)",8.0,"[1.2, 1.3, 1.4, 1.5, 1.6, 1.7, 1.8, 1.9]"
"(8, 3)",8.0,"[1.2, 1.3, 1.4, 1.5, 1.6, 1.7, 1.8, 1.9]"
"(8, 2)",8.0,"[1.2, 1.3, 1.4, 1.5, 1.6, 1.7, 1.8, 1.9]"
"(8, 11)",8.0,"[1.2, 1.3, 1.4, 1.5, 1.6, 1.7, 1.8, 1.9]"
"(10, 12)",8.0,"[1.2, 1.3, 1.4, 1.5, 1.6, 1.7, 1.8, 1.9]"
